k	term	gloss	blind	missing
w0005	about	ליד, בערך; אודות	על | בערך	1:על
w0009	against	כנגד, ממול	נגד	1:נגד
w0015	and	ו-	ו	1:ו
w0026	at	אצל, ב-	ב	1:ב
w0029	attack	לתקוף, מתקפה	התקפה | לתקוף	1:התקפה
w0035	best	הכי טוב	טוב	1:טוב
w0036	better	טוב יותר	טוב | לשפר	1:טוב | 2:לשפר
w0042	bought	קנה	לקנות	1:לקנות
w0048	by	ליד, בסמוך ל-; עד, לא יאוחר מ-; באמצעות, על-ידי	על ידי | ליד	1:על ידי
w0056	children	ילדים	ילד	1:ילד
w0057	church	כנסיה	כנסייה	1:כנסייה
w0065	contact	ליצור קשר, מגע	קשר | ליצור קשר | איש קשר	1:קשר | 3:איש קשר
w0068	cool	לצנן, צונן	קריר | מגניב | קר רוח	1:קריר | 2:מגניב | 3:קר רוח
w0081	different from	שונה מ-	שונה מ	1:שונה מ
w0084	done	גמור, עשוי	לעשות | גמור | מוכן	1:לעשות | 3:מוכן
w0115	first of all	ראשית	קודם כל	1:קודם כל
w0117	fly	זבוב; לעוף	לטוס | זבוב | לעוף	1:לטוס
w0124	from	מ-	מ | מן	1:מ | 2:מן
w0131	government	ממשל	ממשלה	1:ממשלה
w0132	great	גדול, מעולה	נהדר | גדול	1:נהדר
w0133	ground	בסיס, אדמה	קרקע | לבסס	1:קרקע | 2:לבסס
w0139	harder	קשה יותר	קשה | בחוזקה	1:קשה | 2:בחוזקה
w0153	human being	בן-אדם, אנוש	בן אדם | יצור אנושי	1:בן אדם | 2:יצור אנושי
w0161	in	ב-, בתוך	ב	1:ב
w0162	in a moment	בעוד רגע	עוד רגע | מיד	1:עוד רגע | 2:מיד
w0164	in front of	בחזית של, מול	לפני | מול	1:לפני
w0167	inside	בתוך, פנים	בפנים | פנים	1:בפנים
w0168	into	אל תוך	לתוך	1:לתוך
w0179	later	מאוחר יותר	אחר כך	1:אחר כך
w0182	left	שמאלה	שמאל | לעזוב	1:שמאל | 2:לעזוב
w0186	like	כמו; לחבב, להעדיף	לאהוב | כמו	1:לאהוב
w0187	link	קישור, לקשר, חוליה	קשר | קישור | לחבר	1:קשר | 3:לחבר
w0193	made	עשה	לעשות | ליצור	1:לעשות | 2:ליצור
w0213	need	צריך, צורך	להזדקק | צורך	1:להזדקק
w0214	never	אף פעם	לעולם לא	1:לעולם לא
w0227	often	לעיתים קרובות	לעתים קרובות | תכופות	1:לעתים קרובות | 2:תכופות
w0236	own	משלו; בעלות על משהו	עצמי | להחזיק	1:עצמי | 2:להחזיק
w0250	plan	תכנית; לתכנן	תוכנית | לתכנן	1:תוכנית
w0267	quick	זריז	מהיר | זריז	1:מהיר
w0272	relationship	מערכת יחסים	קשר	1:קשר
w0274	report	דיווח, לדווח	דוח | לדווח	1:דוח
w0280	right	ימינה; זכות	נכון | זכות | ימין	1:נכון | 3:ימין
w0282	road	דרך	כביש | דרך	1:כביש
w0289	school	בית-ספר	בית ספר | להקה	1:בית ספר | 2:להקה
w0305	sir	אדון, תואר אצולה אנגלי	אדוני	1:אדוני
w0313	so that	כך ש-	כדי ש	1:כדי ש
w0316	soon	בהקדם, מוקדם	בקרוב	1:בקרוב
w0319	spend	לבזבז, לפזר; לבלות, להעביר	להוציא | לבלות	1:להוציא
w0330	stupid	טיפש	טיפשי | מטומטם	1:טיפשי | 2:מטומטם
w0331	suddenly	לפתע	פתאום	1:פתאום
w0339	team	צוות	קבוצה	1:קבוצה
w0341	than	מ-	מאשר	1:מאשר
w0343	thanks to	תודות ל-	הודות ל	1:הודות ל
w0344	that	ש-	ש | ההוא	1:ש | 2:ההוא
w0361	until	עד ש-	עד	1:עד
w0362	until now	עד עתה	עד עכשיו | עד כה	1:עד עכשיו | 2:עד כה
w0364	usually	בדרך-כלל	בדרך כלל | לרוב	1:בדרך כלל | 2:לרוב
w0368	wait	להמתין, המתנה	לחכות | המתנה	1:לחכות
w0372	watch	להסתכל, להשגיח; שעון	לצפות | שעון | להשגיח	1:לצפות
w0377	when	כאשר, כש-	מתי | כאשר	1:מתי
w0381	why	מדוע	למה | מדוע	1:למה
w0389	without	מבלי, ללא	בלי	1:בלי
w0392	worse	גרוע יותר	רע | גרוע	1:רע | 2:גרוע
w0407	afraid	מפחד	מפוחד | חושש	1:מפוחד | 2:חושש
w0418	although	למרות ש-	למרות ש	1:למרות ש
w0419	architect	ארכיטקט	אדריכל	1:אדריכל
w0423	as soon as	כאשר, ברגע ש-	ברגע ש	1:ברגע ש
w0425	asked for	ביקש	לבקש	1:לבקש
w0434	beach	חוף ים	חוף	1:חוף
w0439	begin/an/un	להתחיל / התחיל / התחיל	להתחיל	1:להתחיל
w0454	cause	מטרה; גורם, סיבה	לגרום | סיבה	1:לגרום
w0468	container	מיכל, קונטיינר	מכל | קונטיינר	1:מכל
w0470	copy	להעתיק	עותק | להעתיק	1:עותק
w0472	country	ארץ; כפר, אזור	מדינה | ארץ	1:מדינה
w0475	cousin	בן-דוד	בן דוד	1:בן דוד
w0477	crash	להתנגש, התנגשות	להתרסק | תאונה	1:להתרסק | 2:תאונה
w0479	criteria	אמות מידה, קריטריונים	קריטריון | אמת מידה	1:קריטריון | 2:אמת מידה
w0484	darkness	חשיכה	חושך	1:חושך
w0489	design	תכנית, דוגמה, תרשים; לתכנן, לעצב	עיצוב | לעצב	1:עיצוב
w0494	dictator	עריץ, דיקטטור	רודן	1:רודן
w0504	earlier	קודם לכן	מוקדם	1:מוקדם
w0515	enter	נכנס	להיכנס	1:להיכנס
w0520	even though	למרות ש-	למרות ש	1:למרות ש
w0538	flow	זרם	לזרום | זרימה	1:לזרום | 2:זרימה
w0541	for	מפני ש-; עבור	בשביל | עבור | כי	1:בשביל | 3:כי
w0545	found	מצא, גילה; לייסד	למצוא | לייסד	1:למצוא
w0546	freeze, froze	להקפיא, הקפיא	לקפוא | להקפיא	1:לקפוא
w0550	garden	גן	גינה	1:גינה
w0552	genes	גנים	גן	1:גן
w0559	golden	מוזהב	זהוב	1:זהוב
w0564	gym	אולם ספורט	חדר כושר	1:חדר כושר
w0567	hid from	התחבא מ-	להסתתר מ	1:להסתתר מ
w0572	in case	למקרה ש-, שמא; אם במקרה	למקרה ש	1:למקרה ש
w0574	in that case	במקרה הזה	אם כך	1:אם כך
w0592	largest	הגדול ביותר	גדול	1:גדול
w0598	library	ספריה	ספרייה	1:ספרייה
w0602	losing	מפסיד	לאבד | להפסיד	1:לאבד | 2:להפסיד
w0615	mentor	מדריך רוחני	חונך	1:חונך
w0617	miss	להתגעגע; לפספס	להחמיץ | להתגעגע | לפספס	1:להחמיץ
w0636	of course... but...	כמובן... אך...	כמובן... אבל...	1:כמובן... אבל...
w0643	order	סדר; פקודה, לצוות; להזמין; מסדר (דתי)	הזמנה | סדר | פקודה	1:הזמנה
w0652	path	דרך, נתיב	שביל | נתיב	1:שביל
w0660	photograph	צילום, לצלם	תצלום | לצלם	1:תצלום
w0664	potential	אפשרי, פוטנציאלי	פוטנציאל | פוטנציאלי	1:פוטנציאל
w0665	powerful	רב כוח	חזק | רב עוצמה | משפיע	1:חזק | 2:רב עוצמה | 3:משפיע
w0666	prehistoric	קדמון, פרה-היסטורי	פרהיסטורי | קדום	1:פרהיסטורי | 2:קדום
w0667	prepare	התכונן	להכין | להתכונן	1:להכין | 2:להתכונן
w0671	program	תכנית; תכניה; לתכנת	תוכנית | לתכנת	1:תוכנית
w0683	repeat	לחזור; שידור/מאורע חוזר	לחזור על | חזרה	1:לחזור על | 2:חזרה
w0689	ring, rang	לצלצל, צלצל	טבעת | לצלצל	1:טבעת
w0692	rocket	טיל	רקטה | טיל	1:רקטה
w0702	seem	נראה כ-, דומה ל-	להיראות	1:להיראות
w0706	set up	להרכיב, לארגן, לסדר	להקים | לארגן	1:להקים
w0720	sold	מכר	למכור	1:למכור
w0723	sort	למיין	סוג | למיין	1:סוג
w0727	spicy	פיקנטי	חריף	1:חריף
w0731	spray	לרסס, לפזר	תרסיס | לרסס	1:תרסיס
w0741	such as	כמו למשל	כגון	1:כגון
w0749	talent	כשרון	כישרון	1:כישרון
w0753	tiny	קטנטן	זעיר | קטנטן	1:זעיר
w0762	triple	פי 3	משולש | לשלש	1:משולש | 2:לשלש
w0763	twins	תאומים	תאום	1:תאום
w0772	upgrade	לשדרג	שדרוג | לשדרג	1:שדרוג
w0776	versions	גרסאות	גרסה	1:גרסה
w0784	while	בזמן ש-, בעוד ש-; ואילו, אף על פי ש-; כל עוד	בזמן ש | בעוד ש	1:בזמן ש | 2:בעוד ש
w0788	worldwide	כלל עולמי, בכל העולם	עולמי	1:עולמי
w0792	above all	מעל לכל	מעל הכול	1:מעל הכול
w0793	absurd	מגוחך, לא סביר	אבסורדי | מגוחך	1:אבסורדי
w0797	across	בצד השני, לרוחב	מעבר ל	1:מעבר ל
w0808	as a result	כתוצאה	כתוצאה מכך	1:כתוצאה מכך
w0819	beat	מקצב; מכה, להכות	לנצח | להכות | קצב	1:לנצח | 3:קצב
w0826	block	חסימה; לבנה, גוש, חלק	לחסום | גוש	1:לחסום
w0831	built	בנה, נבנה (עבר/בינוני פעול של build); בנוי, בנוי היטב	לבנות | חטוב	1:לבנות | 2:חטוב
w0835	carry	לסחוב	לשאת | לסחוב	1:לשאת
w0859	complex	מסובך	מורכב | מתחם | קומפלקס	1:מורכב | 2:מתחם | 3:קומפלקס
w0876	daily	יומיומי	יומי | מדי יום	1:יומי | 2:מדי יום
w0882	described	מתואר	לתאר	1:לתאר
w0884	deserve	מגיע (לו)	להיות ראוי	1:להיות ראוי
w0891	disappear	להעלם	להיעלם	1:להיעלם
w0898	dump	לשפוך	לזרוק | מזבלה	1:לזרוק | 2:מזבלה
w0899	during	תוך כדי, במשך	במהלך | תוך כדי	1:במהלך
w0903	education	השכלה	חינוך | השכלה	1:חינוך
w0916	except	מלבד, חוץ מ-	חוץ מ | פרט ל	1:חוץ מ | 2:פרט ל
w0917	except for	למעט	חוץ מ | פרט ל	1:חוץ מ | 2:פרט ל
w0920	exercise	תרגיל; להתאמן; לממש, ליישם	פעילות גופנית | להתאמן | תרגיל	1:פעילות גופנית
w0921	exist	קיים	להתקיים	1:להתקיים
w0924	extraordinary	בלתי רגיל	יוצא דופן	1:יוצא דופן
w0925	failure	כשלון	כישלון | תקלה	1:כישלון | 2:תקלה
w0927	farmer	חוואי	חקלאי | איכר	1:חקלאי | 2:איכר
w0935	flew	עף	לטוס | לעוף	1:לטוס | 2:לעוף
w0936	flip	לזרוק, להעיף; סלטה; להפוך צד	להפוך	1:להפוך
w0944	function	תפקוד, לתפקד	תפקיד | לתפקד | פונקציה	1:תפקיד | 3:פונקציה
w0952	guide	להדריך	מדריך | להדריך	1:מדריך
w0954	hall	מסדרון; היכל	אולם | מסדרון	1:אולם
w0958	highway	כביש ראשי	כביש מהיר	1:כביש מהיר
w0960	honest	הגון	כן | ישר	1:כן | 2:ישר
w0963	however	למרות זאת; בכל דרך	אבל | אולם | עם זאת	1:אבל | 2:אולם | 3:עם זאת
w0975	in general	באופן כללי	בדרך כלל	1:בדרך כלל
w0994	knees	ברכיים	ברך	1:ברך
w0998	lawyer	עורך-דין	עורך דין	1:עורך דין
w1000	led to	הוביל ל-	להוביל ל | לגרום ל	1:להוביל ל | 2:לגרום ל
w1004	lower	להנמיך	להוריד | נמוך	1:להוריד | 2:נמוך
w1008	marriage	נישואין	נישואים	1:נישואים
w1015	monitor	להשגיח, מוניטור	מסך | לנטר	1:מסך | 2:לנטר
w1016	mostly	לרוב	בעיקר	1:בעיקר
w1020	nearby	ליד, קרוב	בקרבת מקום | סמוך	1:בקרבת מקום | 2:סמוך
w1024	no longer	לא עוד	כבר לא	1:כבר לא
w1029	obviously	ברור	כמובן	1:כמובן
w1031	opposite	מנוגד, ממול	הפוך | נגדי	1:הפוך | 2:נגדי
w1037	patients	מטופלים	מטופל | חולה	1:מטופל | 2:חולה
w1038	peaceful	שָׁלֵו, שקט	שליו | שקט	1:שליו
w1039	per	לכל	לפי | לכל	1:לפי
w1049	pleasure	תענוג, לענג	הנאה | עונג | תענוג	1:הנאה | 2:עונג
w1051	position	מיקום, למקם; תנוחה; תפקיד, משרה	עמדה | תפקיד | למקם	1:עמדה
w1055	pregnant	הרה (בהריון)	בהריון | הרה	1:בהריון
w1066	project	לתכנן; פרוייקט, מיזם; להשליך, להקרין	פרויקט | לחזות	1:פרויקט | 2:לחזות
w1068	protest	למחות, הפגנה	מחאה | למחות	1:מחאה
w1076	raise	להעלות	להרים | לגדל | העלאה	1:להרים | 2:לגדל | 3:העלאה
w1079	realize	הבין	להבין | להגשים	1:להבין | 2:להגשים
w1080	recent	שארע לאחרונה	אחרון | טרי	1:אחרון | 2:טרי
w1091	reporter	עיתונאי	כתב | עיתונאי	1:כתב
w1102	salary	שכר	משכורת | שכר	1:משכורת
w1109	section	יחידה, חלק	קטע | סעיף	1:קטע | 2:סעיף
w1114	shave	גילוח, לגלח	להתגלח | לגלח	1:להתגלח
w1115	ship	לשלוח; אוניה	ספינה | לשלוח	1:ספינה
w1120	simply	בפשטות	פשוט | בפשטות	1:פשוט
w1126	space	חלל; רווח	מרחב | חלל	1:מרחב
w1129	spirit	כוונה, רוח הדברים; רוח רפאים, נפש	רוח | אלכוהול | מורל	1:רוח | 2:אלכוהול | 3:מורל
w1135	strength	חוזק	כוח | עוצמה | חוזק	1:כוח | 2:עוצמה
w1139	supply	אספקה	לספק | אספקה | היצע	1:לספק | 3:היצע
w1140	surely	ללא ספק	בוודאי	1:בוודאי
w1156	totally	לחלוטין	לגמרי	1:לגמרי
w1168	unbelievable	לא יאמן	לא ייאמן | מדהים	1:לא ייאמן | 2:מדהים
w1171	unusual	בלתי רגיל, יוצא דופן	לא רגיל | יוצא דופן	1:לא רגיל
w1184	wild	פראי, טבע	פרוע | בר	1:פרוע | 2:בר
w1190	advertisement	מודעה, פרסום	פרסומת | מודעה	1:פרסומת
w1196	amateur	חובבן	חובב	1:חובב
w1209	as many as	רבים כמו (מספר גדול)	עד | לא פחות מ	1:עד | 2:לא פחות מ
w1210	as proof of	כהוכחה ל-	כהוכחה ל	1:כהוכחה ל
w1211	aside from	חוץ מ-	מלבד	1:מלבד
w1217	automobile	כלי רכב, אוטו	מכונית | רכב	1:מכונית | 2:רכב
w1220	backward	לאחור	אחורה | נחשל	1:אחורה | 2:נחשל
w1221	bacteria	חיידקים	חיידק	1:חיידק
w1223	belong	שייך	להשתייך	1:להשתייך
w1226	best-seller	רב-מכר	רב מכר	1:רב מכר
w1227	beyond	מעבר	מעבר ל	1:מעבר ל
w1232	bullet	קליע	כדור | תבליט	1:כדור | 2:תבליט
w1234	by now	עד עתה	עד עכשיו	1:עד עכשיו
w1237	campaign	מערכה, מסע	קמפיין | מסע	1:קמפיין
w1238	cast	להשליך, לגרש; צוות שחקנים	לזרוק | שחקנים | גבס	1:לזרוק | 2:שחקנים | 3:גבס
w1239	casual	אגבי, רגיל, יומיומי	לא רשמי | אגבי | מזדמן	1:לא רשמי | 3:מזדמן
w1242	century	מאה שנים	מאה	1:מאה
w1247	citrus	פרי הדר	הדר	1:הדר
w1248	claim	טענה, טוען; תביעה	לטעון | טענה	1:לטעון
w1250	clever	פיקח	חכם | פיקח	1:חכם
w1256	components	חלקים, מרכיבים	רכיב | מרכיב	1:רכיב | 2:מרכיב
w1257	conference	ועידה	כנס | ועידה	1:כנס
w1267	coordinator	מתאם	רכז	1:רכז
w1268	copies	עותקים	עותק | להעתיק	1:עותק | 2:להעתיק
w1276	customize	להתאים באופן אישי	להתאים אישית	1:להתאים אישית
w1277	dare	להעיז, תעוזה; אתגר	להעז | אתגר	1:להעז
w1279	deeply	מאוד, במידה רבה	עמוקות | מאוד	1:עמוקות
w1280	deer	איל	צבי	1:צבי
w1282	depend on	תלוי ב-	להסתמך על	1:להסתמך על
w1286	dimension	מימד	ממד | היבט	1:ממד | 2:היבט
w1287	disadvantage	חסרון	חיסרון | נחיתות	1:חיסרון | 2:נחיתות
w1288	disagreement	חוסר הסכמה	אי הסכמה | חילוקי דעות	1:אי הסכמה | 2:חילוקי דעות
w1289	discoveries	תגליות	תגלית	1:תגלית
w1307	epidemic	מגיפה, אפידמיה	מגפה	1:מגפה
w1310	even so	אף על פי כן	ובכל זאת	1:ובכל זאת
w1318	expectations	ציפיות	ציפייה	1:ציפייה
w1320	explosive	חומר נפץ	נפיץ | חומר נפץ	1:נפיץ
w1321	export	ייצוא	לייצא | יצוא	1:לייצא | 2:יצוא
w1333	filmmaker	יוצר סרטים	יוצר קולנוע | במאי	1:יוצר קולנוע | 2:במאי
w1340	fortune	מזל; עושר	הון | מזל	1:הון
w1341	from time to time	מפעם לפעם	מדי פעם	1:מדי פעם
w1345	generally	באופן כללי	בדרך כלל	1:בדרך כלל
w1347	generated	יצר	לייצר | ליצור	1:לייצר | 2:ליצור
w1352	grand	גדול, כולל, מרשים	מפואר | נהדר	1:מפואר | 2:נהדר
w1354	handle	להתמודד	לטפל | ידית	1:לטפל | 2:ידית
w1355	heartbeat	דופק, פעימות לב	פעימת לב	1:פעימת לב
w1358	hold back	לעכב, למנוע	להתאפק | לעכב	1:להתאפק
w1362	iceberg	קרחון	הר קרח	1:הר קרח
w1367	in particular	במיוחד	בפרט | במיוחד	1:בפרט
w1369	indeed	בהחלט	אכן	1:אכן
w1379	irregular	לא רגיל	לא סדיר | חריג	1:לא סדיר | 2:חריג
w1381	label	תגית; לתייג	תווית | לתייג	1:תווית
w1390	load	להעמיס	מטען | לטעון	1:מטען | 2:לטעון
w1391	logic	הגיון	היגיון | לוגיקה	1:היגיון | 2:לוגיקה
w1400	mind	לשים לב, לשמור; שכל; אכפת	מוח | להשגיח	1:מוח | 2:להשגיח
w1408	motivate	לדרבן	להניע | לעודד	1:להניע | 2:לעודד
w1409	mountaintop	פסגת הר	פסגה	1:פסגה
w1418	object	פריט, אובייקט; להתנגד	חפץ | להתנגד | מטרה	1:חפץ | 3:מטרה
w1425	overall	כולל, באופן כללי	כללי | בסך הכל	1:כללי | 2:בסך הכל
w1437	preparation for	הכנות לקראת	הכנה	1:הכנה
w1440	previously	הקודם, לפני-כן	בעבר | קודם לכן	1:בעבר | 2:קודם לכן
w1442	prime	ראשוני, עיקרי, מובחר	ראשי | מעולה | שיא	1:ראשי | 2:מעולה | 3:שיא
w1443	primitive	קדום, חסר תרבות	פרימיטיבי | קדמוני	1:פרימיטיבי | 2:קדמוני
w1451	quite	למדי	די | לגמרי	1:די | 2:לגמרי
w1452	quote	ציטוט	לצטט | ציטוט | הצעת מחיר	1:לצטט | 3:הצעת מחיר
w1453	race	מרוץ; גזע	מירוץ | גזע	1:מירוץ
w1455	rainfall	ירידת גשמים	משקעים	1:משקעים
w1456	rainstorm	סערת גשמים	סופת גשמים	1:סופת גשמים
w1457	randomly	באקראיות	באקראי	1:באקראי
w1462	rational	הגיוני, רציונאלי	רציונלי | הגיוני	1:רציונלי
w1467	recordings	הקלטות	הקלטה	1:הקלטה
w1469	recycling	מחזור	מיחזור	1:מיחזור
w1473	regret	להתחרט, חרטה	להצטער | חרטה	1:להצטער
w1474	regularly	באופן קבוע	בקביעות	1:בקביעות
w1477	replacement	מחליף	תחליף | מחליף	1:תחליף
w1478	replica	העתק מדויק	העתק | שכפול | דגם	1:העתק | 2:שכפול | 3:דגם
w1489	seeds	זרעים	זרע	1:זרע
w1493	selective	סלקטיבי	בררני | סלקטיבי	1:בררני
w1494	self-confidence	בטחון-עצמי	ביטחון עצמי	1:ביטחון עצמי
w1498	share	מניה; לחלוק	לשתף | חלק | מניה	1:לשתף | 2:חלק
w1500	shift	משמרת; להזיז	שינוי | משמרת | להזיז	1:שינוי
w1503	significantly	באופן משמעותי	משמעותית | באופן ניכר	1:משמעותית | 2:באופן ניכר
w1507	sound	קול; בריא	צליל | להישמע | הגיוני	1:צליל | 2:להישמע | 3:הגיוני
w1511	spread	התפשטות, פיזור; ממרח, למרוח	להתפשט | למרוח | ממרח	1:להתפשט
w1517	study	מחקר; חדר עבודה	ללמוד | מחקר | חדר עבודה	1:ללמוד
w1520	surface	פני שטח	משטח | לצוף	1:משטח | 2:לצוף
w1521	surprisingly	במפתיע	באופן מפתיע	1:באופן מפתיע
w1525	symptom	סימפטום	תסמין | סימן	1:תסמין | 2:סימן
w1528	take place	התרחש	להתרחש | להתקיים	1:להתרחש | 2:להתקיים
w1530	terms	מונחים; תנאים	תנאי | מונח	1:תנאי | 2:מונח
w1534	though	למרות זאת; למרות ש-	למרות ש | בכל זאת	1:למרות ש | 2:בכל זאת
w1537	to sum up	כדי לסכם; לסכם	לסיכום	1:לסיכום
w1541	transform	לשנות צורה	להפוך | לשנות	1:להפוך | 2:לשנות
w1545	treat	להתייחס; פינוק, ממתק; לפנק	לטפל ב | להתייחס אל | פינוק	1:לטפל ב | 2:להתייחס אל
w1551	unofficial	בלתי רשמי	לא רשמי	1:לא רשמי
w1553	unrealistic	לא מציאותי	לא ריאלי	1:לא ריאלי
w1560	vehicle	כלי רכב	רכב	1:רכב
w1568	waterfall	מפל	מפל מים	1:מפל מים
w1571	whenever	בכל פעם ש-, מתי ש-; לא משנה מתי	בכל פעם ש	1:בכל פעם ש
w1573	whom	מי	את מי	1:את מי
w1581	abroad	חו"ל	בחו"ל	1:בחו"ל
w1582	absent	חסר, לא נוכח	נעדר | חסר	1:נעדר
w1589	administration	מנהל	ממשל | ניהול	1:ממשל | 2:ניהול
w1591	afterwards	לאחר מכן	אחר כך	1:אחר כך
w1594	annoy	להציק	להרגיז	1:להרגיז
w1602	association	אסוציאציה; איגוד	עמותה | קשר	1:עמותה | 2:קשר
w1604	attach	לחבר, לייחס	לצרף | לחבר	1:לצרף
w1605	attempt	ניסיון	לנסות | ניסיון	1:לנסות
w1614	bald	קרח	קירח	1:קירח
w1622	blend	לערבב	למזג | תערובת	1:למזג | 2:תערובת
w1623	boil	להרתיח	לרתוח | להרתיח	1:לרתוח
w1625	boost	דחף, המריץ	להגביר | לחזק	1:להגביר | 2:לחזק
w1627	bore	לשעמם, שעמום; לקדוח (חור)	לשאת | לסבול | ללדת	1:לשאת | 2:לסבול | 3:ללדת
w1628	bounce	לקפץ, ניתור	לנתר | לקפוץ	1:לנתר | 2:לקפוץ
w1635	cabin	בקתה	תא | בקתה	1:תא
w1642	cereal	דגני בוקר	דגן | דגני בוקר	1:דגן
w1658	conservative	שמרני	שמרן | זהיר	1:שמרן | 2:זהיר
w1665	conventional	שגרתי, קונבנציונאלי	מקובל | שגרתי	1:מקובל
w1680	deaf	חרש	חירש	1:חירש
w1683	defeated	הובס	להביס | מובס	1:להביס | 2:מובס
w1685	degree	מעלה (מדידה); תואר אקדמי; דרגה; מידה, במידה מסוימת	תואר | מעלה | מידה	1:תואר
w1687	dental	שקשור בשיניים	של שיניים | דנטלי	1:של שיניים | 2:דנטלי
w1690	depart	לעזוב	לצאת | לעזוב	1:לצאת
w1696	distant	מרוחק	רחוק | מנוכר	1:רחוק | 2:מנוכר
w1700	double standard	מוסר כפול	תקן כפול	1:תקן כפול
w1704	elderly	זקן	קשיש	1:קשיש
w1712	equally	במידה שווה	באופן שווה	1:באופן שווה
w1716	evolved	התפתח	להתפתח	1:להתפתח
w1717	exception	יוצא מהכלל	יוצא דופן | חריגה	1:יוצא דופן | 2:חריגה
w1718	execute	להוציא לפועל; להוציא להורג	לבצע | להוציא להורג	1:לבצע
w1720	expand	להרחיב	להתרחב | להרחיב	1:להתרחב
w1722	expense	הוצאות	הוצאה	1:הוצאה
w1727	facial	שקשור בפנים	של הפנים | טיפול פנים	1:של הפנים | 2:טיפול פנים
w1733	footprints	עקבות, טביעות רגל	טביעת רגל	1:טביעת רגל
w1736	frequently	לעיתים קרובות	לעתים קרובות	1:לעתים קרובות
w1741	gain	להרוויח, להוסיף	להשיג | רווח	1:להשיג | 2:רווח
w1744	gather	אסף	להתאסף | לאסוף	1:להתאסף | 2:לאסוף
w1751	heavily	מאוד, במידה רבה	בכבדות | מאוד	1:בכבדות
w1752	hike	הליכה, טיול	טיול רגלי | לטייל | העלאה	1:טיול רגלי | 2:לטייל | 3:העלאה
w1763	increase	להגדיל, להגביר	לעלות | עלייה	1:לעלות | 2:עלייה
w1764	indication	אינדיקציה, סימן ל-	סימן | רמז	1:סימן | 2:רמז
w1766	infected	הודבק	נגוע | להדביק	1:נגוע | 2:להדביק
w1770	ingredients	מרכיבים	מרכיב	1:מרכיב
w1773	insanity	אי שפיות	שיגעון | טירוף	1:שיגעון | 2:טירוף
w1775	inspiring	נותן השראה	מעורר השראה	1:מעורר השראה
w1786	lack	מחסור	חוסר | לחסר	1:חוסר | 2:לחסר
w1789	lifetime	תקופת החיים, במשך החיים	חיים | משך חיים	1:חיים | 2:משך חיים
w1803	melt	להמיס	להימס | להמיס	1:להימס
w1804	minor	קטין; סולם מינור (במוזיקה); קטן, שולי	משני | קטין | זניח	1:משני | 3:זניח
w1806	moral	מוסר	מוסרי | מוסר השכל	1:מוסרי | 2:מוסר השכל
w1814	observe	להתבונן, להבחין	לצפות | לשמור | להעיר	1:לצפות | 2:לשמור | 3:להעיר
w1815	offend	להעליב	לפגוע | להעליב	1:לפגוע
w1823	oven	תנור בישול	תנור	1:תנור
w1825	pad	לרפד	פנקס | רפידה | לרפד	1:פנקס | 2:רפידה
w1850	provoke	להתגרות, להסית	לעורר | להתגרות	1:לעורר
w1855	rarely	לעיתים נדירות	לעתים רחוקות	1:לעתים רחוקות
w1857	razor	סכין גילוח	תער	1:תער
w1858	reasonable	הגיוני	סביר | הגיוני	1:סביר
w1862	recover	להתאושש	להחלים | להתאושש | לשחזר	1:להחלים | 3:לשחזר
w1867	relative	קרוב-משפחה; יחסי	קרוב משפחה | יחסי	1:קרוב משפחה
w1872	reserve	עתודה, מילואים; לשמור; שמורה	להזמין מראש | לשמור | רזרבה	1:להזמין מראש | 3:רזרבה
w1887	ruins	הריסות, עיי חורבות	חורבה	1:חורבה
w1889	sailor	ימאי	מלח	1:מלח
w1890	satellite	לווין	לוויין	1:לוויין
w1891	satisfaction	שביעות רצון	סיפוק | שביעות רצון	1:סיפוק
w1894	secure	להבטיח, לשמור, להגן	בטוח | לאבטח | להשיג	1:בטוח | 2:לאבטח | 3:להשיג
w1900	shelter	מקלט	מחסה | מקלט	1:מחסה
w1901	shiny	נוצץ, בוהק	מבריק | נוצץ	1:מבריק
w1902	shrink	לכווץ ,כיווץ	להתכווץ | פסיכיאטר	1:להתכווץ | 2:פסיכיאטר
w1913	stack	ערמה	ערימה | לערום	1:ערימה | 2:לערום
w1922	strict	נוקשה	קפדני | נוקשה	1:קפדני
w1923	stripes	פסים	פס | דרגה	1:פס | 2:דרגה
w1924	struggle	מאבק, מאמץ	להיאבק | מאבק	1:להיאבק
w1926	stunt	פעלול	תרגיל מסוכן | לעכב	1:תרגיל מסוכן | 2:לעכב
w1929	succeed	הצליח	להצליח | לרשת	1:להצליח | 2:לרשת
w1934	suspicious	חשוד (משהו)	חשדן | חשוד	1:חשדן
w1936	swing	לנדנד, נדנדה	להתנדנד | נדנדה	1:להתנדנד
w1941	toes	בהונות	אצבע רגל | בוהן	1:אצבע רגל | 2:בוהן
w1943	toward	אל, אל עבר	לכיוון | לעבר	1:לכיוון | 2:לעבר
w1944	traffic jam	פקק תנועה	פקק | פקק תנועה	1:פקק
w1946	trigger	הדק	לגרום | הדק | להפעיל	1:לגרום | 3:להפעיל
w1947	triggered	גרם, עורר, הוביל ל-	לגרום | להפעיל | לעורר	1:לגרום | 2:להפעיל | 3:לעורר
w1948	twist	סיבוך, סיבוב	לפתל | תפנית	1:לפתל | 2:תפנית
w1954	unlike	שלא כמו	בניגוד ל | שונה	1:בניגוד ל | 2:שונה
w1955	unnecessary	לא הכרחי	מיותר	1:מיותר
w1974	wisdom	חכמה, בינה	חוכמה	1:חוכמה
w1989	ally (allies)	בן-ברית (בנות-ברית)	בעל ברית	1:בעל ברית
w1992	announcement	הכרזה	הודעה	1:הודעה
w2005	as far as	לגבי, בכל הנוגע ל-	ככל ש	1:ככל ש
w2010	attorney	עורך-דין	עורך דין	1:עורך דין
w2018	bent	כופף	כפוף | נחוש	1:כפוף | 2:נחוש
w2019	berry	גרגרי יער	גרגר | פרי יער	1:גרגר | 2:פרי יער
w2021	biblical	תנ"כי	מקראי | תנכי	1:מקראי | 2:תנכי
w2024	blew	נשב (רוח), ניפח, פוצץ	לנשוב	1:לנשוב
w2027	bold	אמיץ, חצוף; מודגש	נועז | מודגש	1:נועז
w2030	broad	נרחב	רחב | כללי	1:רחב | 2:כללי
w2035	capital	עיר בירה; אות גדולה; ראשי, משמעותי; הון	בירה | הון | ראשי	1:בירה
w2038	clash	התנגשות	להתנגש | התנגשות	1:להתנגש
w2044	collapse	להתמוטט	לקרוס | להתמוטט | קריסה	1:לקרוס | 3:קריסה
w2050	compromise	להתפשר	פשרה | להתפשר | לסכן	1:פשרה | 3:לסכן
w2055	confession	וידוי	הודאה | וידוי	1:הודאה
w2058	contrary	להפך, בניגוד ל-	מנוגד | הפך	1:מנוגד | 2:הפך
w2061	correlate	לתאם, לקשר	להתאים | לקשר	1:להתאים
w2074	decrease	ירידה, הפחתה; להפחית, לצמצם	לרדת | להפחית | ירידה	1:לרדת
w2078	department-store	חנות כלבו	כלבו	1:כלבו
w2082	differ	להיבדל, לחלוק	להיות שונה | לחלוק על	1:להיות שונה | 2:לחלוק על
w2084	discomfort	אי-נוחות	אי נוחות | מבוכה	1:אי נוחות | 2:מבוכה
w2086	disloyal	לא נאמן	בוגדני | לא נאמן	1:בוגדני
w2088	doorstep	מפתן הדלת	מפתן	1:מפתן
w2094	eccentric	מוזר, אקסצנטרי	תמהוני | משונה	1:תמהוני | 2:משונה
w2098	encounter	להיתקל ב-, לפגוש; מפגש, היתקלות	להיתקל | מפגש	1:להיתקל
w2102	engagement	התחייבות; אירוסין	מעורבות | אירוסין	1:מעורבות
w2114	every now and then	לפעמים	מדי פעם	1:מדי פעם
w2115	evolutionary	התפתחותי	אבולוציוני	1:אבולוציוני
w2123	fancy	מחבב; מגונדר	מפואר | לחבב	1:מפואר | 2:לחבב
w2124	faulty	לקוי, לא תקין	פגום | לקוי	1:פגום
w2127	finalize	לסכם, לגבש	לסיים | לגבש	1:לסיים
w2129	for the most part	בדרך-כלל	בעיקר	1:בעיקר
w2131	forgettable	שאפשר לשכוח אותו	נשכח	1:נשכח
w2135	fortunate	בעל מזל	בר מזל	1:בר מזל
w2137	fulfill	להגשים	למלא | להגשים	1:למלא
w2139	gamble	הימר	להמר | הימור	1:להמר | 2:הימור
w2143	given that	בהתחשב בכך	בהינתן ש | מאחר ש	1:בהינתן ש | 2:מאחר ש
w2144	graduate	לסיים לימודים	בוגר | לסיים לימודים	1:בוגר
w2145	gross	ברוטו, גלמי; ענק, דוחה	גועלי | ברוטו | גס	1:גועלי | 3:גס
w2148	gymnasium	אולם ספורט	אולם התעמלות | חדר כושר	1:אולם התעמלות | 2:חדר כושר
w2150	hardly ever	כמעט אף פעם	לעיתים רחוקות	1:לעיתים רחוקות
w2151	harmless	שאינו מזיק	לא מזיק | תמים	1:לא מזיק | 2:תמים
w2152	harsh	נוקשה, אכזרי	קשה | חמור	1:קשה | 2:חמור
w2154	hilarious	מצחיק	מצחיק מאוד | משעשע	1:מצחיק מאוד | 2:משעשע
w2155	horrific	אָיוֹם	מזעזע | איום	1:מזעזע
w2162	in a word	במילה אחת	בקיצור | במילה אחת	1:בקיצור
w2163	in contrast to	בניגוד ל-	בניגוד ל	1:בניגוד ל
w2164	in favor of	לטובת	בעד	1:בעד
w2167	inclusive	כולל	מכיל | כוללני	1:מכיל | 2:כוללני
w2169	indicate	להצביע על	לציין | להצביע על	1:לציין
w2171	influential	רב-השפעה	משפיע	1:משפיע
w2184	involve	לערב	לכלול | לערב	1:לכלול
w2190	lane	מסלול	נתיב	1:נתיב
w2193	legalize	להפוך חוקי, לאשר	להכשיר | להסדיר	1:להכשיר | 2:להסדיר
w2197	limitation	מגבלה	הגבלה | מגבלה	1:הגבלה
w2202	luggage	מזוודות	כבודה | מזוודה	1:כבודה | 2:מזוודה
w2206	maintain	לשמור על, לתחזק; לטעון, לגרוס	לשמור | לתחזק | לטעון	1:לשמור
w2216	migrate	להגר	לנדוד | להגר	1:לנדוד
w2219	modernize	להפוך למודרני	לחדש | לעדכן	1:לחדש | 2:לעדכן
w2227	negotiate	לשאת ולתת	לנהל מו"מ | להתמקח	1:לנהל מו"מ | 2:להתמקח
w2229	nominated	מועמד	למנות	1:למנות
w2234	occur	קרה, התרחש	להתרחש | לקרות	1:להתרחש | 2:לקרות
w2238	on the contrary	להפך, אדרבא, נהפוך הוא	להיפך	1:להיפך
w2239	once in a while	מידי פעם	מדי פעם | לפעמים	1:מדי פעם | 2:לפעמים
w2241	oppose	להתנגד ל-, להתייצב נגד	להתנגד	1:להתנגד
w2252	passive	סביל	פסיבי | סביל	1:פסיבי
w2255	permit	אישור, רישיון; להרשות	להתיר | רישיון	1:להתיר
w2263	possession	בעלות, חזקה	רכוש | חזקה	1:רכוש
w2275	progressive	מתקדם ומתמשך	מתקדם | פרוגרסיבי	1:מתקדם | 2:פרוגרסיבי
w2281	rather	עדיף; למדי	די | למדי	1:די
w2282	recall	להיזכר; להחזיר, להשיב צלצול	לזכור | להיזכר	1:לזכור
w2283	refund	החזר	החזר כספי | להחזיר	1:החזר כספי | 2:להחזיר
w2286	remains	נשאר, עדיין; שרידים	להישאר | שריד	1:להישאר | 2:שריד
w2289	reservation	שמורה; שריון מקום	הזמנה | הסתייגות	1:הזמנה | 2:הסתייגות
w2292	result in	הסתיים ב-	לגרום ל | להוביל ל	1:לגרום ל | 2:להוביל ל
w2299	scale	מאזניים; לעלות, לטפס; סולם, סקלה	קנה מידה | מאזניים | לטפס	1:קנה מידה
w2312	sober	פיכח	מפוכח | רציני	1:מפוכח | 2:רציני
w2317	spectacular	מדהים	מרהיב | מרשים	1:מרהיב | 2:מרשים
w2318	spontaneously	ללא תכנון	ספונטנית	1:ספונטנית
w2322	steam	אד, לאדות	קיטור | אדים | לאדות	1:קיטור | 2:אדים
w2324	strike	הכה, התקיף; שביתה	להכות | שביתה | לפגוע	1:להכות | 3:לפגוע
w2326	subjective	אישי, משוחד בדעתו	סובייקטיבי	1:סובייקטיבי
w2328	superior	עליון	עדיף | ממונה	1:עדיף | 2:ממונה
w2333	tend	נוטה	לנטות | לטפל	1:לנטות | 2:לטפל
w2336	throughout	במשך, בכל	לאורך כל | בכל רחבי	1:לאורך כל | 2:בכל רחבי
w2338	to begin with	בתור התחלה	ראשית	1:ראשית
w2339	trace	סימן, עִקְבָה; לעקוב, למצוא	שריד | לאתר	1:שריד | 2:לאתר
w2361	vertical	מאונך	אנכי	1:אנכי
w2377	adore	העריץ, אהב	להעריץ | לאהוב מאוד	1:להעריץ | 2:לאהוב מאוד
w2382	align	להסתדר בשורה	ליישר | להתאים	1:ליישר | 2:להתאים
w2391	artifact	חפץ מעשה ידי אדם, מוצג ארכיאולוגי	חפץ | ממצא	1:חפץ | 2:ממצא
w2403	brainwash	לשטוף את המוח	לשטוף מוח	1:לשטוף מוח
w2409	circuit	מסלול, להקיף; מעגל חשמלי	מעגל | מסלול	1:מעגל
w2413	coastline	קו/רצועת חוף	קו חוף | חוף	1:קו חוף | 2:חוף
w2423	compost	זבל אורגני	קומפוסט	1:קומפוסט
w2436	consumers	צרכנים	צרכן	1:צרכן
w2437	continuous	מתמשך	רציף	1:רציף
w2451	dairy	מחלבה	חלבי | מחלבה	1:חלבי
w2459	desirable	נחשק	רצוי | מבוקש	1:רצוי | 2:מבוקש
w2468	disapproving	לא מאשר, לא מסכים, לא מרוצה	להתנגד | לגנות	1:להתנגד | 2:לגנות
w2477	distract	להסיח את הדעת	להסיח דעת	1:להסיח דעת
w2482	downhill	מדרון, מורד	במורד | מתדרדר	1:במורד | 2:מתדרדר
w2483	drain	לנקז; ניקוז	לרוקן | נקז	1:לרוקן | 2:נקז
w2484	drift	זרם, סחף	לנדוד | ערימה | נטייה	1:לנדוד | 2:ערימה | 3:נטייה
w2502	equivalent	מקבילה	שווה ערך | מקבילה	1:שווה ערך
w2503	erosion	סחף, כרסום	שחיקה	1:שחיקה
w2504	essentially	בעיקרו, במהותו	בעצם	1:בעצם
w2509	evident	ברור, נראה לעין	ניכר | ברור	1:ניכר
w2511	exclude	לא לכלול, להוציא מן הכלל, להדיר; למנוע כניסה	להחריג | לא לכלול	1:להחריג
w2523	farther	רחוק יותר, הלאה, יותר	רחוק	1:רחוק
w2527	findings	ממצאים	ממצא	1:ממצא
w2529	flee, fled	להימלט, נמלט	לברוח | להימלט	1:לברוח
w2535	frequent	תדיר, שכיח	תכוף | לפקוד	1:תכוף | 2:לפקוד
w2538	govern	למשול	לשלוט | לנהל	1:לשלוט | 2:לנהל
w2541	grapes	ענבים	ענב	1:ענב
w2545	guidance	הנחיה, הכוונה, הנהגה	הדרכה | הכוונה	1:הדרכה
w2550	herb	עשב	עשב תיבול	1:עשב תיבול
w2558	idolize	להעריץ	להאליל | להעריץ	1:להאליל
w2571	initiated	יזם, התחיל, אִתְחֵל	ליזום | להתחיל	1:ליזום | 2:להתחיל
w2581	invaders	פולשים	פולש	1:פולש
w2584	inventory	מצאי	מלאי | רשימת מלאי	1:מלאי | 2:רשימת מלאי
w2587	just as... so...	בדיוק כמו... גם	כשם ש... כך	1:כשם ש... כך
w2596	malfunction	כשל, ליקוי	תקלה | להתקלקל	1:תקלה | 2:להתקלקל
w2597	manufacture	ייצר	לייצר | ייצור	1:לייצר | 2:ייצור
w2606	misbehave	להתנהג בצורה לא הולמת	להתנהג רע | להשתובב	1:להתנהג רע | 2:להשתובב
w2615	occasional	מדי פעם, מקרי	מזדמן | לא תדיר	1:מזדמן | 2:לא תדיר
w2616	occasionally	מידי פעם	מדי פעם | לעיתים	1:מדי פעם | 2:לעיתים
w2617	occasions	הזדמנויות, מקרים	אירוע | הזדמנות	1:אירוע | 2:הזדמנות
w2618	offender	פושע, פוגע	עבריין	1:עבריין
w2623	outlaw	להוציא אל מחוץ לחוק; פורע חוק	לאסור | פורע חוק	1:לאסור
w2626	overlaps	חופף	לחפוף | חפיפה	1:לחפוף | 2:חפיפה
w2627	overly	יותר מידי	יותר מדי	1:יותר מדי
w2630	participate	השתתף	להשתתף	1:להשתתף
w2640	predict	לצפות מראש	לחזות | לנבא	1:לחזות | 2:לנבא
w2641	prediction	חיזוי, ניבוי	תחזית | ניבוי	1:תחזית
w2647	proportion	שיעור, מידה	יחס | פרופורציה | חלק	1:יחס | 2:פרופורציה | 3:חלק
w2649	publicized	פורסם	לפרסם	1:לפרסם
w2654	quake	רעד	לרעוד | רעידת אדמה	1:לרעוד | 2:רעידת אדמה
w2655	qualify	להיות מוסמך	להעפיל | להסמיך	1:להעפיל | 2:להסמיך
w2656	railroad	מסילת רכבת	מסילת ברזל | רכבת	1:מסילת ברזל | 2:רכבת
w2664	refer	מתייחס	להתייחס | להפנות	1:להתייחס | 2:להפנות
w2668	regain	להשיג מחדש	להשיב | לשחזר	1:להשיב | 2:לשחזר
w2669	regardless	למרות, ללא קשר	בכל זאת | ללא קשר	1:בכל זאת
w2674	relating	מתייחס	להתייחס | לספר	1:להתייחס | 2:לספר
w2676	relocate	למקם מחדש	לעבור | להעביר	1:לעבור | 2:להעביר
w2681	resigned	התפטר	להתפטר | משלים	1:להתפטר | 2:משלים
w2685	revert	לחזור למצב קודם	לחזור	1:לחזור
w2687	revision	בדיקה מחדש לצורך שיפור	תיקון | עדכון	1:תיקון | 2:עדכון
w2688	revived	קם לתחייה, התחדש	להחיות | להתאושש	1:להחיות | 2:להתאושש
w2700	shuttle	מעבורת	הסעה | מעבורת	1:הסעה
w2701	sibling	אח או אחות	אח | אחות	1:אח | 2:אחות
w2705	simultaneously	בו זמנית	בו-זמנית | במקביל	1:בו-זמנית | 2:במקביל
w2711	specify	לפרט	לציין | לפרט	1:לציין
w2715	stalk	גבעול, קנה; לעקוב/לארוב אחרי, להטריד	לעקוב אחרי | גבעול	1:לעקוב אחרי
w2717	stunned	נדהם, היה המום	המום	1:המום
w2719	suburb	פרבר	פרוור	1:פרוור
w2722	summits	פסגות	פסגה | ועידת פסגה	1:פסגה | 2:ועידת פסגה
w2741	troop	יחידה צבאית; חייל	יחידה	1:יחידה
w2744	unconcerned	לא מודאג	אדיש | לא מודאג	1:אדיש
w2745	unconventional	לא שיגרתי	לא שגרתי	1:לא שגרתי
w2751	utilize	השתמש	להשתמש ב | לנצל	1:להשתמש ב | 2:לנצל
w2752	validate	אימת, נתן תוקף	לאמת | לאשר	1:לאמת | 2:לאשר
w2755	vary	משתנה	להשתנות	1:להשתנות
w2757	vest	אפודה	אפוד | גופייה	1:אפוד | 2:גופייה
w2761	whether... or...	בין אם... או...	בין אם... ובין אם...	1:בין אם... ובין אם...
w2762	widely	בצורה נרחבת	בהרחבה	1:בהרחבה
w2771	acknowledge	להכיר ב-, להודות ב-; לאשר קבלה	להודות | לאשר	1:להודות | 2:לאשר
w2774	adjust	להתרגל; לכוונן	להתאים	1:להתאים
w2775	admirable	נערץ, ראוי להערצה	מעורר הערצה | מרשים	1:מעורר הערצה | 2:מרשים
w2776	advancement	התקדמות; מקדמה	קידום | התקדמות	1:קידום
w2777	advocate	תומך, מצדד; פרקליט; לדגול ב-, לתמוך בגלוי ב-	לתמוך | תומך	1:לתמוך
w2781	airborne	נישא באוויר	מוטס | באוויר	1:מוטס | 2:באוויר
w2784	alternate	חלופי; התחלף, עבר מדבר אחד לשני וחזרה	להתחלף | חלופי	1:להתחלף
w2789	appeal	לבקש; מדבר אל, מושך; לערער	משיכה | לפנות | לערער	1:משיכה | 2:לפנות
w2790	applaud	מחא כפיים, הריע	למחוא כפיים | להריע	1:למחוא כפיים | 2:להריע
w2793	arise	להופיע, לעלות	לצוץ | להתעורר	1:לצוץ | 2:להתעורר
w2803	beware	היזהר	להיזהר	1:להיזהר
w2806	breed	מין, גזע; להרביע, להפרות	לגדל | זן	1:לגדל | 2:זן
w2810	cater	לספק	לספק קייטרינג | לשרת	1:לספק קייטרינג | 2:לשרת
w2815	certainty	וודאות	ודאות	1:ודאות
w2820	coffin	ארון מתים	ארון קבורה	1:ארון קבורה
w2822	cologne	קולון, בושם (של גבר)	אודקולון | בושם	1:אודקולון
w2832	considering	בהתחשב ב-, לאור; (כפועל) שוקל	בהתחשב ב | לאור	1:בהתחשב ב
w2834	continuity	המשכיות, רצף הגיוני	רציפות | המשכיות	1:רציפות
w2838	conveniently	באופן נוח	בנוחות	1:בנוחות
w2844	cripple	להטיל מום	לשתק | נכה	1:לשתק | 2:נכה
w2845	crucial	מכריע, קריטי	חיוני | קריטי	1:חיוני
w2849	dealt	עסק ב, חולק (קלפים, ניירת)	להתמודד | לטפל | לחלק	1:להתמודד | 2:לטפל | 3:לחלק
w2850	decay	ריקבון	להירקב | ריקבון	1:להירקב
w2853	deflate	להוציא אוויר מ-	לרוקן | להחליש	1:לרוקן | 2:להחליש
w2858	descend	ירד, הדרדר	לרדת	1:לרדת
w2859	despair	להתייאש	ייאוש | להתייאש	1:ייאוש
w2860	despise	לתעב	לבוז | לתעב	1:לבוז
w2864	discontent	חוסר שביעות רצון	אי שביעות רצון	1:אי שביעות רצון
w2865	discourage	לשכנע שלא לעשות משהו	לייאש | להניא	1:לייאש | 2:להניא
w2866	disgrace	בושה	חרפה | קלון	1:חרפה | 2:קלון
w2868	disposable	חד-פעמי	חד פעמי	1:חד פעמי
w2872	distinct	ברור, נפרד	מובהק | נבדל	1:מובהק | 2:נבדל
w2873	distinctive	מיוחד	ייחודי	1:ייחודי
w2875	disuse	חוסר שימוש	אי-שימוש	1:אי-שימוש
w2879	dread	פחד, לפחד	לחשוש | אימה	1:לחשוש | 2:אימה
w2880	due	צריך להיעשות, זמנו הגיע; בשל	מגיע | צפוי	1:מגיע | 2:צפוי
w2881	eager	נלהב, משתוקק, כמה	להוט | נלהב	1:להוט
w2884	emerge	להגיח, להופיע	לצוץ | להופיע	1:לצוץ
w2887	endurance	כוח סבל	סיבולת	1:סיבולת
w2889	enhance	להעצים	לשפר | להעצים	1:לשפר
w2890	enthusiast	חובב נלהב	חובב	1:חובב
w2894	excessive	יתר, מוגזם	מופרז	1:מופרז
w2897	exile	להגלות, לגרש	גלות | להגלות | גולה	1:גלות | 3:גולה
w2906	fine	קטן, עדין, דקיק; משביע רצון; משובח, מצוין; קנס	בסדר | קנס | עדין	1:בסדר
w2907	firm	מוצק; נחוש, תקיף; חברה (פירמה)	יציב | תקיף | חברה	1:יציב
w2908	footage	קטע צילום	קטעי וידאו	1:קטעי וידאו
w2911	foresee	לצפות מראש	לצפות	1:לצפות
w2916	fundraiser	מגייס כספים	גיוס כספים	1:גיוס כספים
w2918	furthermore	זאת ועוד	יתר על כן	1:יתר על כן
w2919	genesis	ספר בראשית; היווצרות, התהוות	ראשית	1:ראשית
w2921	glance	מבט חטוף	מבט | להעיף מבט	1:מבט | 2:להעיף מבט
w2923	grace	חסד, חינניות	חן | חסד	1:חן
w2929	growled	נהם	לנהום	1:לנהום
w2930	habitat	סביבת מגורים	בית גידול | סביבת מחיה	1:בית גידול | 2:סביבת מחיה
w2931	halve	לחלק לשניים, להקטין בחצי	לחלק לחצי	1:לחלק לחצי
w2938	hibernate	לישון שנת חורף	לחרוף	1:לחרוף
w2943	howl	יללה, לילל	לייליל | יללה	1:לייליל
w2949	implications	השלכות, משמעות	השלכה | משמעות	1:השלכה
w2951	impose	לכפות	להטיל | להטריח	1:להטיל | 2:להטריח
w2952	imprisoned	כלוא	לכלוא | כלוא	1:לכלוא
w2953	impulsively	ללא שיקול דעת	בפזיזות	1:בפזיזות
w2956	incidentally	דרך אגב	אגב	1:אגב
w2957	incompetence	חוסר יכולת	חוסר כשירות	1:חוסר כשירות
w2961	infiltrate	להסתנן	לחדור	1:לחדור
w2963	inhabitants	תושבים	תושב	1:תושב
w2967	intact	ללא פגע	שלם | ללא פגע	1:שלם
w2971	irresistible	שלא ניתן לעמוד בפניו	מפתה | כובש	1:מפתה | 2:כובש
w2974	janitor	שרת	אב בית | שרת	1:אב בית
w2976	laid	מונח	להניח | להטיל	1:להניח | 2:להטיל
w2979	likewise	כמו-כן, באותו אופן	כמו כן | גם כן	1:כמו כן | 2:גם כן
w2980	limb	גף, איבר; קצה	גפה | איבר	1:גפה
w2982	lurking	אורב, מתגנב	לארוב | להתחבא	1:לארוב | 2:להתחבא
w2989	mastery	מומחיות	שליטה | מומחיות	1:שליטה
w2990	match	גפרור; התאמה, להתאים	משחק | גפרור | להתאים	1:משחק
w2993	medieval	מתקופת ימי הביניים	ביניימי	1:ביניימי
w2996	merit	ערך, הישג	מעלה | להצדיק	1:מעלה | 2:להצדיק
w3000	misty	מעורפל	ערפילי | מעורפל	1:ערפילי
w3006	moreover	זאת ועוד	יתרה מזאת | בנוסף	1:יתרה מזאת | 2:בנוסף
w3009	mutually	באופן שווה/הדדי	הדדית	1:הדדית
w3013	nevertheless	למרות זאת	בכל זאת	1:בכל זאת
w3014	newscaster	מגיש חדשות	קריין חדשות	1:קריין חדשות
w3017	numb	רדום, חסר תחושה	קהה	1:קהה
w3018	numerous	מרובה	רב	1:רב
w3025	occurrence	התרחשות	מקרה | התרחשות	1:מקרה
w3028	oriented	מכוון, מונחה	מוכוון	1:מוכוון
w3032	oversee	לפקח	לפקח על	1:לפקח על
w3048	pledge	להתחייב	התחייבות | להתחייב	1:התחייבות
w3050	possess	להיות בעלים של, להחזיק ב-	להחזיק | לאחוז	1:להחזיק | 2:לאחוז
w3052	premature	מוקדם מדי	מוקדם | פג	1:מוקדם | 2:פג
w3055	principal	מנהל בית ספר; ראשי, עיקרי; קרן (הלוואה)	מנהל | עיקרי | קרן	1:מנהל
w3056	probe	לחטט, לברר, לגשש	חקירה | לחקור	1:חקירה | 2:לחקור
w3070	recur	קרה שוב	להישנות | לחזור	1:להישנות | 2:לחזור
w3073	regulate	לווסת	להסדיר | לווסת	1:להסדיר
w3078	rely	להסתמך	להסתמך על	1:להסתמך על
w3081	repelled	דחה, הגעיל	לדחות | להדוף	1:לדחות | 2:להדוף
w3082	resemble	דומה	להידמות ל	1:להידמות ל
w3091	revitalize	להחיות	להחיות מחדש	1:להחיות מחדש
w3092	rid	להיפטר מ-	להיפטר מ	1:להיפטר מ
w3098	sensible	נבון	הגיוני | נבון	1:הגיוני
w3099	sentiments	רגשות	רגש | דעה	1:רגש | 2:דעה
w3100	settle	להתיישב; להסדיר	ליישב | להתיישב | לסלק	1:ליישב | 3:לסלק
w3102	shepherd	רועה צאן	רועה	1:רועה
w3106	skinned	פשט עור	לקלף	1:לקלף
w3110	solely	בלבד, רק	אך ורק	1:אך ורק
w3111	solitary	מבודד	בודד	1:בודד
w3114	spike	יתד	זינוק | מסמר	1:זינוק | 2:מסמר
w3115	steer	לנווט, להוביל	להגות | לכוון	1:להגות | 2:לכוון
w3125	sustain	לתמוך; סבל מ-; להמשיך באותה צורה	לקיים	1:לקיים
w3126	tame	לאלף, לבית	מבויית | לאלף	1:מבויית
w3130	tin	בדיל, עשוי מפח	פח | קופסה	1:פח | 2:קופסה
w3139	unrest	חוסר שקט	מהומה | אי שקט	1:מהומה | 2:אי שקט
w3140	urge	לעודד, לדחוף ; דחף, רצון, תשוקה	לקרוא ל | דחף	1:לקרוא ל
w3151	virtually	למעשה, בעצם	כמעט | באופן וירטואלי	1:כמעט | 2:באופן וירטואלי
w3152	wage	לערוך, לנהל; משכורת	שכר | לנהל	1:שכר
w3153	wanted	מבוקש	לרצות | מבוקש	1:לרצות
w3158	welfare	סעד	רווחה	1:רווחה
w3160	withstand	להתמודד, לעמוד ב-	לעמוד בפני	1:לעמוד בפני
w3166	accustomed	מורגל	רגיל | מורגל	1:רגיל
w3168	acquitted	זוכה מאשמה	לזכות	1:לזכות
w3169	adhere	לדבוק ב-, לדגול ב-	לדבוק | להידבק	1:לדבוק | 2:להידבק
w3170	adjacent to	ליד	סמוך ל | גובל ב	1:סמוך ל | 2:גובל ב
w3172	adolescence	גיל ההתבגרות	התבגרות	1:התבגרות
w3174	algae	אצות	אצה	1:אצה
w3177	alterations	שינויים	שינוי | תיקון	1:שינוי | 2:תיקון
w3178	ambiguous	דו משמעי, לא לגמרי ברור	דו-משמעי | מעורפל	1:דו-משמעי | 2:מעורפל
w3180	amid	בקרב, בין	בתוך | באמצע	1:בתוך | 2:באמצע
w3184	annually	אחת לשנה, בכל שנה	מדי שנה	1:מדי שנה
w3191	arguably	ניתן לטעון ש-, כנראה	לכאורה | כנראה	1:לכאורה
w3192	arise, arose	לקום, קם	לצוץ | לקום	1:לצוץ
w3195	assert	לטעון בתוקף, להצהיר	לטעון	1:לטעון
w3202	augment	להרחיב	להגדיל | לחזק	1:להגדיל | 2:לחזק
w3210	being that	מכיוון ש-	היות ו | מכיוון ש	1:היות ו | 2:מכיוון ש
w3214	burden	עול	נטל | עול | להכביד	1:נטל | 3:להכביד
w3216	by no means	בשום אופן לא, כלל לא	בשום אופן	1:בשום אופן
w3219	cavity	חור	חלל | עששת	1:חלל | 2:עששת
w3222	circulate	להפיץ; לנוע במחזוריות	לזרום | להפיץ	1:לזרום
w3223	circumstance	מצב, תנאי, נסיבות	נסיבה	1:נסיבה
w3224	coexist	להתקיים זה בצד זה, לחיות יחד בשלום	להתקיים יחד | לדור בכפיפה אחת	1:להתקיים יחד | 2:לדור בכפיפה אחת
w3228	communal	משותף, ציבורי	קהילתי | משותף	1:קהילתי
w3229	comparable	בר-השוואה	דומה | בר השוואה	1:דומה | 2:בר השוואה
w3230	comparatively	באופן יחסי	יחסית	1:יחסית
w3240	consequently	כתוצאה מכך	לפיכך | כתוצאה מכך	1:לפיכך
w3241	considerable	הרבה, רבות	ניכר | משמעותי	1:ניכר | 2:משמעותי
w3242	consist	מורכב מ-	להיות מורכב | להכיל	1:להיות מורכב | 2:להכיל
w3244	constitute	מהווים; להקים, לייסד	להוות	1:להוות
w3252	correspondingly	בהתאמה	בהתאם	1:בהתאם
w3253	counsel	לייעץ, להדריך; פרקליט, יועץ	עצה | לייעץ | עורך דין	1:עצה | 3:עורך דין
w3254	counterpart	בעל תפקיד מקביל, עמית, בן-זוג	מקבילה | עמית	1:מקבילה
w3256	courteous	אדיב	מנומס	1:מנומס
w3263	deceive	להונות	להטעות | לרמות	1:להטעות | 2:לרמות
w3269	degenerate	להתנוון	להידרדר | מנוון	1:להידרדר | 2:מנוון
w3271	delusions	אשליות, הזיות	הזיה | אשליה	1:הזיה | 2:אשליה
w3275	derive	לשאוב, להפיק, לגזור מ-	לנבוע | להפיק	1:לנבוע
w3276	differences	חילוקי דעות	הבדל | שוני	1:הבדל | 2:שוני
w3277	disciples	תלמידים	תלמיד | חסיד	1:תלמיד | 2:חסיד
w3281	dispatch	לשגר	לשלוח | לשגר | דיווח	1:לשלוח | 3:דיווח
w3286	dissection	חיתוך, ביתור	ניתוח | נתיחה	1:ניתוח | 2:נתיחה
w3291	dwell	להתגורר	לגור | להתעכב	1:לגור | 2:להתעכב
w3292	dwelling	משכן, בית	מגורים | בית	1:מגורים
w3301	envision	לחזות, לצפות	לדמיין | לחזות	1:לדמיין
w3304	erupt	התפרץ	להתפרץ	1:להתפרץ
w3307	evade	התחמק	להתחמק	1:להתחמק
w3311	excessively	בצורה מוגזמת	בהפרזה | מדי	1:בהפרזה | 2:מדי
w3313	expendable	שניתן לוותר עליו	מתכלה | מיותר	1:מתכלה | 2:מיותר
w3317	familiarize	להתוודע	להכיר | להתוודע	1:להכיר
w3318	famine	רעב קשה	רעב	1:רעב
w3319	fascinate	לרתק	להקסים	1:להקסים
w3328	forfeit	לוותר, להפסיד	לאבד | לוותר על	1:לאבד | 2:לוותר על
w3335	glorify	להאדיר	לפאר | להלל	1:לפאר | 2:להלל
w3342	hasty	מהיר, בהול	נמהר | פזיז	1:נמהר | 2:פזיז
w3347	humility	ענוה	ענווה	1:ענווה
w3354	impair	לפגום, להחליש	לפגוע | להחליש	1:לפגוע
w3355	impartial	אוביקטיבי, ללא צד	חסר פניות | אובייקטיבי	1:חסר פניות | 2:אובייקטיבי
w3356	in due time	בבוא העת	בבוא הזמן	1:בבוא הזמן
w3357	in order	תקין, מסודר	כדי	1:כדי
w3360	incorporate	לכלול, לשתף, לאגד	לשלב | להתאגד	1:לשלב | 2:להתאגד
w3365	inferred	נגזר, משתמע	להסיק	1:להסיק
w3367	ingest	להכניס משהו לגוף דרך הפה	לבלוע | לצרוך	1:לבלוע | 2:לצרוך
w3368	inhibit	לרסן	לעכב | למנוע	1:לעכב | 2:למנוע
w3370	inquiry	חקירה	בירור | חקירה	1:בירור
w3378	invoke	לעורר, לזמן	להסתמך על | לעורר	1:להסתמך על
w3381	landmark	אבן דרך	ציון דרך	1:ציון דרך
w3387	linger	להתעכב, להשתהות	להתמהמה | להשתהות	1:להתמהמה
w3389	literate	יודע קרוא וכתוב; בקיא, בעל אוריינות	אוריין | משכיל	1:אוריין | 2:משכיל
w3390	litter	אשפה, פסולת; ללכלך בפסולת; לזרוע, לפזר	זבל | לזרוק זבל | המלטה	1:זבל | 2:לזרוק זבל | 3:המלטה
w3391	lodge	להתאכסן, אכסנייה	בקתה | להתאכסן	1:בקתה
w3392	loosely	באופן רפוי	באופן רופף | בערך	1:באופן רופף | 2:בערך
w3393	lumber	עצי בניין, קרשים, עצה מנוסרת	עץ בניין	1:עץ בניין
w3395	malformation	עיוות, פגם	מום | עיוות	1:מום
w3398	mere	רק, לא יותר מ-	גרידא | בלבד	1:גרידא | 2:בלבד
w3399	mischief	נזק, מעשה קונדס	שובבות | תעלול	1:שובבות | 2:תעלול
w3400	mobilize	לנייד, להניע	לגייס	1:לגייס
w3409	nonetheless	למרות זאת	עם זאת | בכל זאת	1:עם זאת | 2:בכל זאת
w3412	noted	ידוע, מפורסם	לציין | ידוע	1:לציין
w3414	nutrient	חומר מזין	רכיב תזונתי	1:רכיב תזונתי
w3418	ordinarily	בדרך-כלל	בדרך כלל	1:בדרך כלל
w3419	orient	להתמצא	לכוון | מזרח	1:לכוון | 2:מזרח
w3420	originate	התחיל, התהווה	לנבוע | ליזום	1:לנבוע | 2:ליזום
w3422	outweigh	עולה על, שוקל יותר מ-	לגבור על	1:לגבור על
w3423	overdue	שעבר זמן ההגשה שלו	באיחור	1:באיחור
w3424	overlooked	לא הבחין, פספס, החמיץ; התעלם; (גם: צפה על מגבוה)	להתעלם | להשקיף	1:להתעלם | 2:להשקיף
w3427	particulars	פרטים, פרטי מידע	פרט	1:פרט
w3428	perceive	להבחין, לראות	לתפוס | להבחין	1:לתפוס
w3441	poverty-stricken	מוכה עוני	עני | מרוד	1:עני | 2:מרוד
w3446	prescribe	לרשום מרשם	לרשום | להורות	1:לרשום | 2:להורות
w3448	presently	כעת	כרגע | בקרוב	1:כרגע | 2:בקרוב
w3450	probation	תקופת מבחן	תקופת ניסיון | מאסר על תנאי	1:תקופת ניסיון | 2:מאסר על תנאי
w3451	proclaim	להכריז בפומבי	להכריז	1:להכריז
w3455	prospective	צפוי, עתידי	פוטנציאלי | עתידי	1:פוטנציאלי
w3458	provided that	בתנאי ש-	בתנאי ש	1:בתנאי ש
w3465	readily	ללא קושי	בקלות | ברצון	1:בקלות | 2:ברצון
w3469	recipient	נמען	מקבל	1:מקבל
w3476	reluctant	מסויג, לא מעוניין	מהסס	1:מהסס
w3483	robust	איתן, חזק ובריא	חזק | איתן	1:חזק
w3485	sake	תועלת, עניין	למען	1:למען
w3488	saw	מסור	לראות | משור	1:לראות | 2:משור
w3490	score	לחתוך, לחרוץ; תוצאה; לזכות בניקוד	ניקוד | תוצאה | לקלוע	1:ניקוד | 3:לקלוע
w3492	sedative	סם הרגעה, משכך	תרופת הרגעה	1:תרופת הרגעה
w3495	seismic	ססמי (קשור לרעידות אדמה)	סייסמי	1:סייסמי
w3501	skyrocket	להאמיר	לזנק	1:לזנק
w3504	span	להימתח, להקיף; מרווח	טווח | להשתרע	1:טווח | 2:להשתרע
w3511	strain	מתח נפשי; להתאמץ, למתוח, לנקוע	מתח | לאמץ | זן	1:מתח | 2:לאמץ | 3:זן
w3514	stroke	ליטוף; מכה; שבץ/אירוע מוחי	שבץ | ללטף	1:שבץ | 2:ללטף
w3516	sturdy	חסון, מוצק	חזק | יציב | מוצק	1:חזק | 2:יציב
w3517	subsequent	עוקב	הבא | מאוחר יותר	1:הבא | 2:מאוחר יותר
w3522	swept away	נסחף	לסחוף	1:לסחוף
w3533	undertake	לקחת על עצמך	ליזום | להתחייב	1:ליזום | 2:להתחייב
w3535	unfold	נפרש, נפתח, התגלה; לפתוח קיפול	להתפתח | לפרוש	1:להתפתח | 2:לפרוש
w3540	vain	לשווא; שחצן	יהיר | חסר תוחלת	1:יהיר | 2:חסר תוחלת
w3542	verse	בית בשיר; שירה	פסוק | בית | שירה	1:פסוק | 2:בית
w3543	vessel	כלי שיט	כלי | ספינה	1:כלי | 2:ספינה
w3545	virtue	מעלה	מידה טובה | סגולה	1:מידה טובה | 2:סגולה
w3550	whereas	בעוד ש-	בעוד ש	1:בעוד ש
w3551	wholesale	סיטונאות	סיטונאי | גורף	1:סיטונאי | 2:גורף
w3561	abstain	להתנזר, להימנע ממשהו	להימנע	1:להימנע
w3562	acclaim	להריע, לשבח	שבח | לשבח	1:שבח
w3563	accomplices	שותף לדבר עבירה	שותף לפשע | שותף	1:שותף לפשע | 2:שותף
w3564	accomplished	מומחה, מעולה	מוכשר | מיומן	1:מוכשר | 2:מיומן
w3570	affluence	שפע	עושר | שפע	1:עושר
w3571	affluent	שופע, עשיר	אמיד | עשיר	1:אמיד
w3572	agitate	להסעיר, לזעזע, לעצבן	לעורר | להסעיר | לנער	1:לעורר | 3:לנער
w3574	albeit	אף על פי ש, אם כי	אף על פי | למרות ש	1:אף על פי | 2:למרות ש
w3581	antler	קרן מסועפת של אייל/צבי	קרן	1:קרן
w3584	arable	מתאים לעיבוד	ראוי לעיבוד | חקלאי	1:ראוי לעיבוד | 2:חקלאי
w3585	articulate	להביע; רהוט	לבטא | רהוט | לנסח	1:לבטא | 3:לנסח
w3596	benefactors	נדבנים, תורמים	נדבן | תורם	1:נדבן | 2:תורם
w3598	bleak	עגום	קודר | עגום	1:קודר
w3599	bolster	לתמוך	לחזק | לתמוך	1:לחזק
w3601	candid	כנה, ישיר	כן | גלוי לב	1:כן | 2:גלוי לב
w3602	canvass	לבדוק, לסקור	לגייס תמיכה	1:לגייס תמיכה
w3604	caste	מעמד חברתי	קאסטה | מעמד	1:קאסטה | 2:מעמד
w3608	commendably	באופן ראוי לשבח	ראוי לשבח	1:ראוי לשבח
w3609	commends	לציין לשבח	לשבח | להמליץ	1:לשבח | 2:להמליץ
w3610	commute	להמתיק (עונש); להחליף, להמיר; לנסוע בקביעות לעבודה	לנסוע | להמיר	1:לנסוע
w3612	compulsory	מהווה חובה	חובה	1:חובה
w3615	concerted	מתואם	משותף | מתואם	1:משותף
w3619	condone	לסלוח, למחול	להשלים עם | לסלוח	1:להשלים עם
w3621	confide	לשתף, לספר (סוד)	לשתף בסוד	1:לשתף בסוד
w3622	confinement	מאסר, ריתוק	כליאה | מאסר	1:כליאה
w3627	conjecture	סברה, לשער	השערה | לשער	1:השערה
w3630	constituent	מרכיב; בוחר	רכיב | בוחר	1:רכיב
w3632	convene	לכנס	להתכנס	1:להתכנס
w3636	croak	קרקור	לקרקר | למות	1:לקרקר | 2:למות
w3637	culminate	הגיע לשיא	להגיע לשיא	1:להגיע לשיא
w3638	dampen	לדכא	להרטיב | להחליש	1:להרטיב | 2:להחליש
w3639	dandy	גנדרני	גנדרן | מצוין	1:גנדרן | 2:מצוין
w3641	deem	לראות כ-, לחשוב ל-	להחשיב	1:להחשיב
w3643	deliberation	דיון	שיקול דעת | דיון	1:שיקול דעת
w3664	die (dice)	קובייה (קוביות)	קוביה	1:קוביה
w3665	diminish	לצמצם	לפחות | להקטין	1:לפחות | 2:להקטין
w3666	disarmament	פירוק מנשק	פירוק נשק	1:פירוק נשק
w3670	dislocate	לפרוק, לנקוע	לפרק	1:לפרק
w3677	dissent	להתנגד, חילוקי דעות	התנגדות | לחלוק דעה	1:התנגדות | 2:לחלוק דעה
w3679	diverge	לסטות	להתפצל | לסטות	1:להתפצל
w3683	draw (drew)	לשלוף, שלף	לצייר | למשוך | תיקו	1:לצייר | 2:למשוך | 3:תיקו
w3685	dwindle	הידלדל, התמעט	להצטמצם | לדעוך	1:להצטמצם | 2:לדעוך
w3687	elude	לברוח, להתחמק	לחמוק	1:לחמוק
w3689	embark	לצאת לדרך, לפתוח ב-; לעלות על ספינה או מטוס	להפליג | להתחיל	1:להפליג | 2:להתחיל
w3691	embitter	גורם התמרמרות	למרר	1:למרר
w3692	eminent	בולט, בכיר	נודע	1:נודע
w3695	enclosing	לסגור, להקיף	לצרף | להקיף	1:לצרף
w3696	enclosure	סגירה, כיתור, שטח מגודר	מכלאה | נספח	1:מכלאה | 2:נספח
w3700	ensue	להתרחש בעקבות, לבוא כתוצאה, להתחולל	לנבוע	1:לנבוע
w3701	epitomize	לייצג, לאפיין	לגלם | לסמל	1:לגלם | 2:לסמל
w3707	expend	לגמור, לבזבז, לפזר	להוציא | לבזבז	1:להוציא
w3708	exquisite	מצוין; חד, מעודן, אנין	נפלא | מעודן	1:נפלא
w3709	extrapolate	לאמוד על סמך מידע קיים	להסיק	1:להסיק
w3718	flimsy	רעוע, דל, שביר; קלוש, בלתי משכנע (תירוץ/ראיה)	רופף | קלוש	1:רופף
w3719	fluctuation	חוסר יציבות	תנודה	1:תנודה
w3721	foremost	ראשון במעלה, בעיקר	המוביל	1:המוביל
w3723	formidable	אדיר, מאיים	מרשים | מפחיד	1:מרשים | 2:מפחיד
w3724	forsake	לזנוח	לנטוש | לזנוח	1:לנטוש
w3725	fraternal	אחוותי, של אחים	אחאי	1:אחאי
w3727	frivolous	קל דעת, לא רציני; חסר חשיבות	שטותי | קליל דעת	1:שטותי | 2:קליל דעת
w3729	fume	אדים, עשן	לזעום | אד	1:לזעום | 2:אד
w3731	futile	חסר תוחלת, נטול סיכוי	חסר תועלת | עקר	1:חסר תועלת | 2:עקר
w3732	gauge	למדוד, להעריך, מידה	מד | להעריך	1:מד
w3736	glaze	זיגוג	ציפוי | לצפות	1:ציפוי | 2:לצפות
w3738	granted (that)	בהנחה ש-, נתון ש-	אמנם	1:אמנם
w3740	grievance	טרוניה, התמרמרות	תלונה	1:תלונה
w3754	impartially	באופן הוגן, ללא אפליה	בהגינות | באובייקטיביות	1:בהגינות | 2:באובייקטיביות
w3755	implicate	לסבך, לערב	להפליל | לערב	1:להפליל
w3757	inadvertently	בלי משים, בלי כוונה	בשוגג | בטעות	1:בשוגג | 2:בטעות
w3758	incidence	כמות, הִקָּרוּת (משהו שקורה)	שכיחות	1:שכיחות
w3764	inhabit	לגור ב-, לשכון ב-, לאכלס	לגור | להתגורר	1:לגור | 2:להתגורר
w3767	instill	להחדיר, להשריש	להנחיל | להקנות	1:להנחיל | 2:להקנות
w3768	insurmountable	שאין להתגבר עליו	בלתי עביר	1:בלתי עביר
w3769	insurrection	התקוממות	מרד | התקוממות	1:מרד
w3770	interjection	הערה, הפרעה לשיחה	מילת קריאה	1:מילת קריאה
w3771	interminable	נצחי	אינסופי | בלתי נגמר	1:אינסופי | 2:בלתי נגמר
w3773	invertebrate	חסר-חוליות	חסר חוליות	1:חסר חוליות
w3776	keystone	אבן מפתח	אבן פינה | אבן מפתח	1:אבן פינה
w3783	leniency	ותרנות, מתינות, הקלה בעונש	סלחנות | ותרנות	1:סלחנות
w3787	lucrative	ריווחי	רווחי | משתלם	1:רווחי | 2:משתלם
w3790	markedly	בצורה ניכרת	משמעותית | באופן ניכר	1:משמעותית | 2:באופן ניכר
w3791	marsupial	חיית כיס	יונק כיס	1:יונק כיס
w3794	misconception	דעה מוטעית	תפיסה מוטעית | אי הבנה	1:תפיסה מוטעית | 2:אי הבנה
w3795	mitigate	למתן, להפחית	לצמצם | להקל	1:לצמצם | 2:להקל
w3796	momentous	הרה גורל	גורלי | מכריע	1:גורלי | 2:מכריע
w3798	myriad	רב, הרבה	אינספור	1:אינספור
w3802	nestle	לשכון בנוחות, להיות מוקם בחיק; להתכרבל	להצטנף	1:להצטנף
w3810	obscure	סתום, לא ידוע; לטשטש	מעורפל | להסתיר	1:מעורפל | 2:להסתיר
w3812	ode	שיר הלל	אודה | שיר שבח	1:אודה | 2:שיר שבח
w3816	omniscient	יודע כול; מספר כל-יודע	כל-יודע	1:כל-יודע
w3819	overhaul	שיפוץ, אוברול	לשפץ | שיפוץ | רפורמה	1:לשפץ | 3:רפורמה
w3821	paramount	בעל חשיבות עליונה	עליון | חשוב ביותר	1:עליון | 2:חשוב ביותר
w3825	penned	כָּתַב	לכתוב | לכלוא	1:לכתוב | 2:לכלוא
w3826	perch	ענף; נח, ישב על ענף	לשבת | מוט	1:לשבת | 2:מוט
w3830	pervasive	מתפשט, מחלחל	נפוץ | רווח	1:נפוץ | 2:רווח
w3833	plight	צרה, סכנה	מצוקה | מצב קשה	1:מצוקה | 2:מצב קשה
w3835	poacher	מסיג גבול, צייד לא מורשה	צייד לא-חוקי	1:צייד לא-חוקי
w3837	populous	מאוכלס בצפיפות	רב אוכלוסין	1:רב אוכלוסין
w3839	posterity	הדורות הבאים	דורות הבאים	1:דורות הבאים
w3841	poultry	עוף	עופות	1:עופות
w3842	predecessors	קודמים	קודם	1:קודם
w3843	predestined	נקבע מראש	נועד מראש | מיועד	1:נועד מראש | 2:מיועד
w3845	pretext	אמתלה, תואנה	תירוץ | תואנה	1:תירוץ
w3847	proliferate	התפשט במהירות	להתרבות	1:להתרבות
w3850	prompted	הביא לידי	לעורר | לגרום	1:לעורר | 2:לגרום
w3855	quarrelsome	וכחני	נוטה לריב | קנטרן	1:נוטה לריב | 2:קנטרן
w3862	reconcile	להתפייס; ליישב (סתירות), לגשר בין, להתאים	לפייס | להשלים עם	1:לפייס | 2:להשלים עם
w3864	reigned	משל, שלט	למלוך	1:למלוך
w3867	relegated	הורד בדרגה	להוריד בדרגה	1:להוריד בדרגה
w3868	render	להפוך ל-, לגרום; להגיש	להפוך | לעבד	1:להפוך | 2:לעבד
w3870	resent	לחוש טינה, להתרעם על	להתמרמר | לחוש טינה	1:להתמרמר
w3871	respective	שייך בהתאמה	מתאים | פרטני	1:מתאים | 2:פרטני
w3874	resurgence	תחייה	התעוררות מחדש | תחייה	1:התעוררות מחדש
w3876	rotary	נע על ציר סיבובי	סיבובי | כיכר תנועה	1:סיבובי | 2:כיכר תנועה
w3878	sarcophagus	ארון קבורה קדום	סרקופג | ארון קבורה	1:סרקופג | 2:ארון קבורה
w3879	scales	קשקשים (של דג)	מאזניים | קשקשים | סולם	1:מאזניים | 3:סולם
w3882	scrutinize	בדק, בחן	לבחון | לבדוק בקפידה	1:לבחון | 2:לבדוק בקפידה
w3883	sensations	חדשות מרעישות	תחושה | סנסציה	1:תחושה | 2:סנסציה
w3885	shingles	רעף	שלבקת חוגרת | רעף	1:שלבקת חוגרת
w3888	slant	אלכסון, נטייה	הטיה | שיפוע	1:הטיה | 2:שיפוע
w3889	slate	להכניס מישהו לרשימה; רעף, לוח	צפחה | לוח	1:צפחה
w3891	snarl	לנהום בחשיפת שיניים, לרטון בכעס; סבך/פקק	לנהום	1:לנהום
w3892	snicker	גיחוך	לצחקק | צחקוק	1:לצחקק | 2:צחקוק
w3893	soar	להמריא	לדאות | לזנק	1:לדאות | 2:לזנק
w3894	solicit	לשדל / להדיח; לבקש/לחפש בתחינה	לבקש | לגייס	1:לבקש | 2:לגייס
w3896	speck	גרגר זעיר, נקודה זעירה, פירור	נקודה	1:נקודה
w3897	spewing	פולט/מתיז בעוצמה, מקיא	לפלוט | להקיא	1:לפלוט | 2:להקיא
w3899	sprang	קפץ, זינק; נבע, צמח (עבר של spring)	לקפוץ | לנבוע	1:לקפוץ | 2:לנבוע
w3900	sprawling	משתרע על שטח נרחב; מתפשט ללא סדר	משתרע	1:משתרע
w3901	staple	מצרך יסוד, מוצר בסיסי; עיקרי; סיכת הידוק	בסיסי | סיכת שדכן | לשדך	1:בסיסי | 2:סיכת שדכן | 3:לשדך
w3902	stark	בוטה, מוחלט, גמור; שומם, עזוב	קיצוני | קודר	1:קיצוני | 2:קודר
w3905	streamlined	יעיל וחסכוני; אווירודינמי, מעוצב לזרימה	יעיל	1:יעיל
w3906	stricken	מוכה	פגוע | מוכה	1:פגוע
w3913	susceptible	רגיש ל-, חשוף ל-, נוטה ל-	רגיש | נוטה	1:רגיש | 2:נוטה
w3914	swindler	רמאי	נוכל | רמאי	1:נוכל
w3919	thereby	ובכך, על ידי כך, ולכן	בכך	1:בכך
w3928	underlies	מונח ביסוד, נמצא מתחת ל-	לעמוד בבסיס	1:לעמוד בבסיס
w3930	upheaval	מהפך	טלטלה | מהפך | תהפוכה	1:טלטלה | 3:תהפוכה
w3931	uphold	להחזיק, לתמוך, לדגול	לקיים | לתמוך	1:לקיים
w3937	vertebrate	בעל חוליות	חולייתן	1:חולייתן
w3941	vocation	מקצוע	ייעוד | מקצוע	1:ייעוד
w3944	withhold	לעכב, לעצור, לא לתת	להסתיר | לעכב	1:להסתיר
w3945	wrought	מעוצב, מחושל	מעובד	1:מעובד
