בחר	קטגוריה	מילה	הסיבה שלא נכנסה	מה מכסה אותה	יחידה בישן	פירוש בישן	רישיון	מקור ההוכחה
	נפסלה בשיבוץ	דָּגָה	שקופה לכל תיכוניסט — מ"דג"		1	שם כולל לכל הדגים למיניהם	🟢 נקי	ויקינתונים (CC0)
	נפסלה בשיבוץ	הִטְמִיעַ	נגזרת שקופה של "נטמע" (י5)		1	הפנים ידע עד שנעשה חלק ממנו; מיזג דבר בתוך אחר עד שנבלע	🟢 נקי	ויקינתונים (CC0)
	נפסלה בשיבוץ	הִתְנַבֵּא	שקופה לכל תיכוניסט — מ"נביא"		1	השמיע ניבוי או חיזוי כלשהו	🟢 נקי	ויקינתונים (CC0)
	נפסלה בשיבוץ	יְקִיצָה	שם הפעולה הישיר של "הקיץ" (התעורר משנתו) — מי שיודע את הפועל מקבל את שם הפעולה בלי שום צעד נוסף.		1	התעוררות משינה, הקיצה	🟢 נקי	ויקינתונים (CC0)
	נפסלה בשיבוץ	לֵאוּת	שם הפעולה המדויק של התואר "לאה" (מותש) — אותה משמעות בדיוק, רק בצורת שם עצם.		1	יגעות, עייפות, תשישות	🟢 נקי	ויקינתונים (CC0)
	נפסלה בשיבוץ	לַהֲגָן	צורת בעל-התכונה של "להג" (פטפוט ריק) בסיומת -ן. מי שיודע מהו להג מנחש מיד מיהו להגן.		1	פטפטן, שמדבר בלי סוף	🟢 נקי	נחלת הכלל / CC0 (לפי ספריא)
	נפסלה בשיבוץ	מְתַאֲבֵן	שקופה לכל תיכוניסט		1	מאכל המוגש בתחילת הארוחה על-מנת להגביר את התאבון	🟢 נקי	ויקינתונים (CC0)
	נפסלה בשיבוץ	נָהִיר	המעבר מ"נהרה" (אור בהיר) ל"נהיר" (ברור ומובן) הוא המטפורה השקופה הרגילה בעברית בין אור לבהירות, בדיוק כמו בהיר/מואר.		1	ברור, מובן	🟢 נקי	ויקינתונים (CC0)
	נפסלה בשיבוץ	נִפְעָם	נגזרת שקופה של "התפעם" — הדוגמה בערך הקיים היא ממש "נפעם"		1	נרגש	🟢 נקי	ויקינתונים (CC0)
	נפסלה בשיבוץ	קְרִיסָה	שקופה לכל תיכוניסט		1	התמוטטות, הרס	🟢 נקי	ויקינתונים (CC0)
	נפסלה בשיבוץ	קְרִישָׁה	נגזרת שקופה של "קרש" (י5)		1	התעבות של נוזל והפיכתו לסמיך וקרוש	🟢 נקי	ויקינתונים (CC0)
	נפסלה בשיבוץ	הִתְיַלֵּד	שקופה לכל תיכוניסט — מ"ילד"		1	התנהג כילד, נהג באופן ילדותי	🟢 נקי	ויקינתונים (CC0)
	נפסלה בשיבוץ	עִרְטֵל	אותו פועל בבניין אחר מ"התערטל" — פיעל מול התפעל, חשיפת אחר מול חשיפת עצמו. מי שיודע אחד מבין את השני.		1	הפשיט, חשף מכל כיסוי	🟢 נקי	ויקינתונים (CC0)
	נפסלה בשיבוץ	מִקְטוֹרֶן	שקופה לכל תיכוניסט		1	ז'קט, החלק העליון של חליפה	🟢 נקי	ויקינתונים (CC0)
	נפסלה בשיבוץ	מְזֻכָּךְ	תואר שקוף של "זך" (י2)		1	מטוהר, נקי מכל פסולת	🟢 נקי	נחלת הכלל / CC0 (לפי ספריא)
	נפסלה בשיבוץ	בַּר-מִינָן	כפילות ממש של הערך הקיים "בר מינן" — אותה מילה, מקף במקום רווח.		2	מת, מנוח	🟢 נקי	נחלת הכלל / CC0 (לפי ספריא)
	נפסלה בשיבוץ	הִתְקַהֵל	נגזרת שקופה של "הקהיל" (י8)		2	התאסף, התקבץ לקהל	🟢 נקי	ויקינתונים (CC0)
	נפסלה בשיבוץ	נֵתַח	שקופה לכל תיכוניסט		2	חתיכת בשר; חלק מהשלם, פרוסה	🟢 נקי	ויקינתונים (CC0)
	נפסלה בשיבוץ	עָסִיסִי	שקופה לכל תיכוניסט		2	רענן, מעניין; מלא מיץ	🟢 נקי	ויקינתונים (CC0)
	נפסלה בשיבוץ	פָּדָה	"פדות" היא גאולה ושחרור, ו"פדה" הוא בדיוק הפועל שממנו היא נגזרת — אותה משמעות בשתי צורות.		2	הציל, שיחרר, חילץ; שילם כסף תמורת החפץ הממושכן	🟢 נקי	ויקינתונים (CC0)
	נפסלה בשיבוץ	קוּבְלָנָה	נגזרת שקופה של "קבל" (התלונן)		2	תלונה, טענה	🟢 נקי	ויקינתונים (CC0)
	נפסלה בשיבוץ	שִׁיסּוּי	שם הפעולה הישיר של "שיסה" — אותה פעולה בדיוק בצורת שם עצם.		2	הסתה לתקיפה, חירחור	🟢 נקי	ויקינתונים (CC0)
	נפסלה בשיבוץ	אָפַס	נגזרת שקופה של "אפיסה"		3	לא נשאר ממנו דבר, תם, נגמר	🟢 נקי	ויקינתונים (CC0)
	נפסלה בשיבוץ	בֵּית מֶרְחָץ	צירוף מצטבר ושקוף — בית + רחץ		3	מקום ציבורי שניתן להתרחץ ולהתקלח בו	🟢 נקי	ויקינתונים (CC0)
	נפסלה בשיבוץ	זִכּוּך	נגזרת שקופה של "זך"		3	טיהור	🟢 נקי	ויקינתונים (CC0)
	נפסלה בשיבוץ	פְּתַלְתְּל	נגזרת שקופה של "נפתולים"		3	שאינו ישר, מפותל; הפכפך, ערמומי; מסובך להבנה, מורכב	🟢 נקי	ויקינתונים (CC0)
	נפסלה בשיבוץ	קִידָּה	הערך הקיים "קד" כבר כולל את הצירוף "קד קידה" בדוגמה שלו — אותה פעולה ממש, פועל ושם הפעולה שלו.		3	השתחוות קלה	🟢 נקי	ויקינתונים (CC0)
	נפסלה בשיבוץ	קְלִישָאַה / קְלִישָה	לעז שגור, אותו כשל כמו "ספונטני"		3	ביטוי או אמירה ששימוש יתר גזל ממנה כל מקוריות	🟢 נקי	ויקינתונים (CC0)
	נפסלה בשיבוץ	קָמִין	שקופה לכל תיכוניסט		3	תנור, אח	🟢 נקי	ויקינתונים (CC0)
	נפסלה בשיבוץ	קְשֵׁה לֵב	צירוף מצטבר ושקוף — קשה + לב		3	חסר רחמים, אכזרי, אטום רגשית	🟢 נקי	נחלת הכלל / CC0 (לפי ספריא)
	נפסלה בשיבוץ	שַׁבְרִיר	שגור לחלוטין ("שבריר שנייה")		3	חלק קטן ביותר, קצת	🟢 נקי	ויקינתונים (CC0)
	נפסלה בשיבוץ	שִׁכְתּוּב	נגזרת שקופה של "כתב"		3	כתיבת חומר כלשהו בשנית בניסוח או סגנון טוב יותר	🟢 נקי	ויקינתונים (CC0)
	נפסלה בשיבוץ	תַּסְמִין	שגורה לגמרי		3	סימפטום, סימן היכר	🟢 נקי	ויקינתונים (CC0)
	נפסלה בשיבוץ	גֵּאוּת	שם הפעולה של "גאה" (עלה והתרומם), והדוגמה בערך הקיים היא "הנהר גאה" — בדיוק תמונת עליית המפלס.		4	התרוממות מחזורית של מפלס הים; שגשוג והתחזקות ניכרת בתחום	🟢 נקי	ויקינתונים (CC0)
	נפסלה בשיבוץ	כִּיסוּפִים	שם הפעולה של "נכסף" (השתוקק, התגעגע) — אותה משמעות בדיוק בצורת שם עצם.		4	געגועים, השתוקקות	🟢 נקי	ויקינתונים (CC0)
	נפסלה בשיבוץ	מַחְצָב	נגזרת שקופה של "חצב" (כרת מן הסלע)		4	חומר שחוצבים מן האדמה כגון: אבנים, פחם, מתכת וכו'	🟢 נקי	ויקינתונים (CC0)
	נפסלה בשיבוץ	מַחְצָבָה	נגזרת שקופה של "חצב" (כרת מן הסלע)		4	מקום בו חוצבים אבנים לבניין וכו'	🟢 נקי	ויקינתונים (CC0)
	נפסלה בשיבוץ	מְכוּנָף	שקופה מ"כנף"		4	שיש לו כנפיים	🟢 נקי	ויקינתונים (CC0)
	נפסלה בשיבוץ	נִיחוֹח	שקופה לכל תיכוניסט		4	ריח נעים וטוב	🟢 נקי	ויקינתונים (CC0)
	נפסלה בשיבוץ	נִשְׂגָב מִבִּינָתוֹ	הערך הקיים "נשגב" כבר כולל את הניב הזה בפירושו		4	אינו יכול להבין את הדבר	🟢 נקי	לפי מילה · CC0 / נחלת הכלל
	נפסלה בשיבוץ	פְּתִית	"פת" היא חתיכת לחם קטנה, ו"פתית" היא בדיוק צורת ההקטנה שלה — רסיס זעיר. מי שיודע פת מנחש פתית בלי מאמץ.		4	פרור	🟢 נקי	ויקינתונים (CC0)
	נפסלה בשיבוץ	צִיטָטָה	לעז שקוף		4	משפט או פסקה שנלקחו מדברי אחר ומשולבים כלשונם בטקסט	🟢 נקי	ויקינתונים (CC0)
	נפסלה בשיבוץ	שָׁפַךְ לִבּוֹ	ניב שגור לחלוטין		4	השתפך, חשף את כל צרותיו בפני מישהו	🟢 נקי	נחלת הכלל / CC0 (לפי ספריא)
	נפסלה בשיבוץ	תֵּל	"תלולית" היא ערימת עפר קטנה, ו"תל" הוא אותה ערמה בגדול — הפירוש עצמו מסתיים ב"ערמה". זוג של מילה וצורת ההקטנה שלה.		4	גבעה מלאכותית, ערמה, גל	🟢 נקי	ויקינתונים (CC0)
	נפסלה בשיבוץ	תְּשׁוּקָה	שקופה לכל תיכוניסט		4	רצון עז, תאווה עזה	🟢 נקי	ויקינתונים (CC0)
	נפסלה בשיבוץ	אוּרְבָּנִי	לעז שקוף		5	עירוני (עירוני - urban)	🟢 נקי	ויקינתונים (CC0)
	נפסלה בשיבוץ	בֶּן-דְּמוּתוֹ	כפילות ממש של הערך הקיים "בן דמותו" — אותה מילה, מקף במקום רווח.		5	דומה לו	🟢 נקי	ויקיטקסט · נחלת הכלל (טקסט מקורי)
	נפסלה בשיבוץ	הֶאֱבִיס	אותו שדה סמנטי של "אבוס" — האכלת בהמות		5	נתן אוכל רב מדי; האכיל בעלי חיים	🟢 נקי	ויקינתונים (CC0)
	נפסלה בשיבוץ	הִפְרִיט	נלמדת באזרחות, ושקופה מ"פרטי"		5	העביר בעלות מהמדינה לידיים פרטיות (להיפך: הלאים)	🟢 נקי	ויקינתונים (CC0)
	נפסלה בשיבוץ	חֲלִיפַת מִכְתָּבִים	צירוף מצטבר ושקוף		5	התכתבות בין שני אנשים או גופים	🟢 נקי	ויקיטקסט · נחלת הכלל (טקסט מקורי)
	נפסלה בשיבוץ	חֲנִיטָה	שקופה מול "חנט" הקיים		5	עיבוד גוף המת בתכשירים משמרים שעוצרים תהליכי ריקבון	🟢 נקי	ויקינתונים (CC0)
	נפסלה בשיבוץ	כּוֹתֶרֶת	שקופה לכל תיכוניסט		5	השורה שבראש טקסט או ידיעה; מקבץ עלי הפרח הצבעוניים; החלק העליון המעוטר של עמוד בבניין	🟢 נקי	ויקינתונים (CC0)
	נפסלה בשיבוץ	מוֹנוֹגַמְיָה	לעז בינלאומי שקוף		5	נשיאת אשה אחת בלבד (להיפך: ביגמיה, פוליגמיה)	🟢 נקי	ויקינתונים (CC0)
	נפסלה בשיבוץ	מוֹנוֹתֵאִיזְם	לעז בינלאומי שקוף		5	אמונה באל אחד	🟢 נקי	ויקינתונים (CC0)
	נפסלה בשיבוץ	מַזְלֵף	שקופה מול "זילף" הקיים		5	כלי השקיה בעל זרבובית להזלפת נוזלים, מזלפה	🟢 נקי	ויקינתונים (CC0)
	נפסלה בשיבוץ	צִיקְלוֹן	לעז בינלאומי שקוף		5	סופה; תרמיל	🟢 נקי	ויקינתונים (CC0)
	נפסלה בשיבוץ	קוֹרֶקְטִי	לעז בינלאומי שקוף		5	נאות, ענייני	🟢 נקי	ויקינתונים (CC0)
	נפסלה בשיבוץ	בַּחֲרוּת	שקופה מ"בחור"		6	תחילת תקופת הבגרות (מהמילה בחור)	🟢 נקי	ויקינתונים (CC0)
	נפסלה בשיבוץ	בֶּן-לְוָיָה	⛔ כפילות ממש של "בן לויה" שכבר בי6 — מקף במקום רווח		6	מי שמתלווה לאדם אחר, שהולך איתו	🟢 נקי	נחלת הכלל / CC0 (לפי ספריא)
	נפסלה בשיבוץ	בַּעֲלֵי שְׂרָרָה	שתי תוספות באותו שורש — "רודף שררה" נשארה		6	מי שבידיהם כוח שלטוני וסמכות לכפות את רצונם על אחרים	🟢 נקי	נחלת הכלל / CC0 (לפי ספריא)
	נפסלה בשיבוץ	זְחִיחוּת דַּעַת	שקופה מול "זחוח" הקיים		6	שביעות רצון עצמית הגובלת ביהירות	🟢 נקי	ויקיטקסט · נחלת הכלל (טקסט מקורי)
	נפסלה בשיבוץ	חִילָּה	⚠ ספק במשמעות: הפירוש הישן "המתיק" אינו מתיישב עם "חילה פניו" (פייס). ספק ⇒ לא מנחשים		6	המתיק	🟢 נקי	ויקינתונים (CC0)
	נפסלה בשיבוץ	מָאוֹר	שקופה לכל תיכוניסט		6	גוף מפיץ אור, זוהר	🟢 נקי	ויקינתונים (CC0)
	נפסלה בשיבוץ	מִלְּגוֹ וּמִלְבַּר	שתי תוספות באותו שורש — "מלגו" נשארה		6	מבפנים ומבחוץ	🟢 נקי	ספריא · נחלת הכלל
	נפסלה בשיבוץ	מִסְרוֹן	שקופה מ"מסר", וגם מילה שכל תיכוניסט יודע		6	אס-אם-אס, הודעת טקסט	🟢 נקי	ויקינתונים (CC0)
	נפסלה בשיבוץ	צִלְצָל	⚠ המובן הנדיר (כלי ציד דגים) מתנגש לחלוטין עם "צלצול" השגור		6	כידון המחובר לחבל ומשמש לציד ימי	🟢 נקי	ויקינתונים (CC0)
	נפסלה בשיבוץ	הָגִיג	שם הפעולה של "הגה" — מי שיודע "הגה רעיון" מנחש מיד שהָגִיג הוא המחשבה עצמה		7	מחשבה, הרהור, שרעפים, חקרי לב	🟢 נקי	ויקינתונים (CC0)
	נפסלה בשיבוץ	הֵזִיחַ	שתי תוספות באותו שורש — "הזחה" נשארה, כי מובן הדפוס אינו נגזר מהפועל		7	הזיז משהו ממקום למקום, הסיט	🟢 נקי	ויקינתונים (CC0)
	נפסלה בשיבוץ	זוֹט	⚠ מילה עמומה, נטייה ארמית — ספק במשמעות		7	קרקעית, תחתית של כלי	🟢 נקי	ויקינתונים (CC0)
	נפסלה בשיבוץ	חֲטָף	נגזרת שקופה מול "בחטף" הקיים		7	מהירות גבוהה (מבט חטוף - מבט מהיר)	🟢 נקי	ויקינתונים (CC0)
	נפסלה בשיבוץ	חָרָבָה	הערך הקיים "חרב" כבר כולל "יבש"		7	אדמה שאינה מכוסה מים, יבשה	🟢 נקי	ויקינתונים (CC0)
	נפסלה בשיבוץ	מְבוּזָּר	צורת הבינוני הסבילה של "בזר" באותה יחידה ובאותו מובן בדיוק — מי שיודע "העביר סמכויות לגורמים רבים" יודע מהי מערכת מבוזרת. בזר נשאר, מְבוּזָּר יוצא		7	מפוזר	🟢 נקי	נחלת הכלל / CC0 (לפי ספריא)
	נפסלה בשיבוץ	מִזְקָקָה	נגזרת שקופה מול "זיקק" הקיים		7	מקום לזיקוק ולהכנת משקאות חריפים	🟢 נקי	ויקינתונים (CC0)
	נפסלה בשיבוץ	מַק	"נמק" הוא הפועל, מַק הוא שם העצם של אותו תהליך ריקבון עצמו — אותה משמעות בשתי צורות		7	ריקבון	🟢 נקי	נחלת הכלל / CC0 (לפי ספריא)
	נפסלה בשיבוץ	מַרְנִין	צורת הווה של "הרנין" הקיים		7	משמח, משיב את הלב	🟢 נקי	נחלת הכלל / CC0 (לפי ספריא)
	נפסלה בשיבוץ	נוֹאָל	מקבילה כמעט זהה ל"אויל" — טיפש/חסר דעת מול טיפשי/חסר שכל. אותה משמעות, אותו שורש, אין מה ללמוד מחדש		7	טיפשי, אווילי	🟢 נקי	ויקינתונים (CC0)
	נפסלה בשיבוץ	צִקְצוּק	אונומטופיאה מזוהה, אפשר לנחש בלי לימוד		7	הפקת רעש חד בלשון להבעת מורת רוח, גינוי או צער	🟢 נקי	ויקינתונים (CC0)
	נפסלה בשיבוץ	תְּנוּבָה	שם העצם הישיר של "הניב" — מי שיודע "הניב פירות" מנחש שתְּנוּבָה היא היבול		7	יבול, תוצרת חקלאית	🟢 נקי	ויקינתונים (CC0)
	נפסלה בשיבוץ	זֵד	שם הפועל של "זדון" — מי שיודע "בזדון" מזהה מיד שזֵד הוא מי שפועל כך		8	רשע, זדון	🟢 נקי	ויקינתונים (CC0)
	נפסלה בשיבוץ	חִדָלוֹן	שם פעולה צפוי של "חדל" (י1)		8	אפסות, אי-קיום, כלייה, אבדון; חוסר מעש	🟢 נקי	ויקינתונים (CC0)
	נפסלה בשיבוץ	כְּפִיפוּת	שם הפעולה המופשט של "כפף": ההרכנה הפיזית עוברת למרות ותלות דרך מטפורה שקופה ומקובלת ("כפוף לו"), ולא דורשת לימוד נפרד		8	מצבו של מי שנמצא תחת סמכותו ופיקודו של אחר	🟢 נקי	ויקינתונים (CC0)
	נפסלה בשיבוץ	לָא מִנֵּיהּ וְלָא מִקְּצָתֵיהּ	⛔ ארמית טהורה — נשללה במפורש בהגדרת יחידה 10		8	שגוי לחלוטין (לא ממנו ולא קצת ממנו)	🟢 נקי	נחלת הכלל / CC0 (לפי ספריא)
	נפסלה בשיבוץ	צַרְכָנִיָּה	שקופה — צרכן + סיומת מקום		8	מכולת שכונתית; בעבר חנות של אגודה שיתופית שספקה מצרכים לחבריה	🟢 נקי	ויקינתונים (CC0)
	נפסלה בשיבוץ	הִכְתִּיר	שקופה — "כתר" היא מילת בסיס		9	הסמיך מלך חדש	🟢 נקי	ויקינתונים (CC0)
	נפסלה בשיבוץ	וַרְיַאצְיָה	לעז בינלאומי שקוף		9	נוסח, גירסה	🟢 נקי	ויקינתונים (CC0)
	נפסלה בשיבוץ	מְלוּבָּן	נגזרת שקופה של "ליבן" (י5)		9	מובהר, מוסבר, מפורש	🟢 נקי	נחלת הכלל / CC0 (לפי ספריא)
	נפסלה בשיבוץ	מִשְׁנֶה	"שנה" במובן חזרה על מעשה מוביל ישירות ל"כפול/מוגבר" (משנה זהירות) — הגשר מ"פעם נוספת" ל"רב במיוחד" שקוף, ושתיהן תוספות חדשות. שנה נשאר, מִשְׁנֶה יוצא		9	כפול ומכופל, רב מאוד (___ תוקף, ___ חשיבות)	🟢 נקי	ויקינתונים (CC0)
	נפסלה בשיבוץ	סְבָרָה	נגזרת שקופה של "סבר" (י2)		9	היסק הנשען על היגיון בלבד ולא על מקור מוסמך; ניחוש מנומק	🟢 נקי	ויקינתונים (CC0)
	נפסלה בשיבוץ	סָלַד	נגזרת שקופה של "סלידה" (י2)		9	הרגיש דחייה כלפי משהו, נגעל	🟢 נקי	ויקינתונים (CC0)
	נפסלה בשיבוץ	צָנוּף	נגזרת שקופה של "הצטנף" (י4)		9	מגולגל, מכורבל, מכווץ; כרוך סביב הראש	🟢 נקי	ויקינתונים (CC0)
	נפסלה בשיבוץ	אָזַר עֹז / כֹּחַ / אֹמֶץ	הערך הקיים "אזר" (י5) מוגדר כבר "אסף כוח (אזר עוז)" — אותה מילה		10	הֵעֵז (אזר - התמלא)	🟢 נקי	ויקינתונים (CC0)
	נפסלה בשיבוץ	אֲסוּפָה	שתי המילים הן שם פעולה של "אסף" ונבדלות רק במה שנאסף — יבול מול כתבים. מי שיודע "אסיף" יגזור בקלות שאֲסוּפָה היא מקבץ		10	מקבץ מאמרים בנושא מסוים	🟢 נקי	ויקינתונים (CC0)
	נפסלה בשיבוץ	בְּחִישָׁה	שם הפעולה של "בחש" באותו מובן בדיוק — ערבוב בכלי. זהות מלאה בין הפירושים		10	ערבוב	🟢 נקי	ויקינתונים (CC0)
	נפסלה בשיבוץ	הִכְפִּיף	הפעיל שקוף של "כפף" (י2)		10	שם מישהו תחת מרותו של מישהו אחר	🟢 נקי	ויקינתונים (CC0)
	נפסלה בשיבוץ	הִתְנוֹפֵף	צירוף בסיסי שכל תיכוניסט מכיר		10	התנועע ברוח מצד לצד	🟢 נקי	ויקינתונים (CC0)
	נפסלה בשיבוץ	כִּמֵּת	נגזרת שקופה מ"כמות"		10	מלשון כמות - ביצע מדידת כמות, מדד	🟢 נקי	ויקינתונים (CC0)
	נפסלה בשיבוץ	לְמֵישָׁרִין	כמעט אותה מילה כמו "במישרין", בשינוי אות יחס בלבד. נבחן שיודע את הקיימת יראה בה אותה מילה ולא יבחין בהבדל הדק במשמעות		10	כמו שצריך, ללא כל בעיה	🟢 נקי	ויקיטקסט · נחלת הכלל (טקסט מקורי)
	נפסלה בשיבוץ	נִפְרַע	נפעל שקוף של "פרע" (י4)		10	שולם; נקם (במישהו)	🟢 נקי	ויקינתונים (CC0)
	נפסלה בשיבוץ	רִפְרֵף	שימוש דיבורי נפוץ, לא דורש לימוד		10	עבר על נושא בחטף ובלי לעיין; נע או עף בתנועות קלות וחוזרות	🟢 נקי	ויקינתונים (CC0)
	נפסלה בשיבוץ	שִׁפּוּל	יחיד של "שיפולים" הקיים במאגר — אותה מילה בדיוק בצורת יחיד, בלי שום פער משמעות		10	תחתית, החלק הנמוך (שיפולי ההרים - המדרונות התחתיים)	🟢 נקי	ויקינתונים (CC0)
	נפסלה בשיבוץ	שָׁת	אותו פועל ב"השית" בבניין אחר, בדיוק כמו ערטל/התערטל: מהנחה וקביעה להטלה. מי שיודע "השית קנס" מזהה את שָׁת מיד		10	שם, הניח	🟢 נקי	ויקינתונים (CC0)
	הוצאה לפני השיבוץ	הִסְתּוֹפֵף	המילה כבר בצובר כחסימה מכוונת; הצירוף "הסתופף בצילו" ביחידה 9		9	שהה באופן ממושך במקום מסוים או בחברת אנשים מסוימים	🟢 נקי	ויקינתונים (CC0)
	הוצאה לפני השיבוץ	טַבּוּלָה רָאסָה	אין הוכחה עברית — ההוכחה היא למונח הלטיני. דורשת הכרעת עו"ד		7	אינו יודע דבר בתחום מסוים, חסר דעה בנושא מסוים	🟢 נקי	ויקיטקסט הלטיני · נחלת הכלל
	אולי · לא נבדקה	פוֹרְס מָז'וֹר	מונח משפטי-חוזי (כוח עליון), אך הפך נפוץ יחסית בשיח הציבורי (חוזים, ביטוח, תקופת מלחמה/קורונה) — ספק אם צר מדי מקצועית או מוכר מספיק לציבור.		5	נסיבות בלתי צפויות שאין שליטה עליהן ועשויות לפטור מקיום התחייבות (כוח עליון)	🟡 נחלת הכלל בשפת המקור	ויקיטקסט הצרפתי · נחלת הכלל · L’Encyclopédie, 1re édition, VIMAIRE (דידרו ודאלמבר, 1765)
	אולי · לא נבדקה	בְּחוּבּוֹ	משמעות בסיסית ("בתוכו") מוכרת, אך צורת המילה הארכאית (חוב=חיק) עצמה עשויה להיות בעלת ערך; ספק אם שווה כפריט נפרד		9	בו, בתוכו	🟢 נקי	ויקינתונים (CC0) · חוב=L65149
	אולי · לא נבדקה	זָב חֹטֶם	קרוב מאוד ל"טירון" (חסר ניסיון), אך זב חוטם הוא כינוי גנאי מזלזל בעוד טירון ניטרלי		7	כינוי גנאי לצעיר חסר ניסיון; אדם פחות ערך	🟢 נקי	ויקינתונים (CC0) · זב=L210335 · חוטם=L65164
	אולי · לא נבדקה	יוֹשֵׁב עַל הַגָּדֵר	"קפץ ידו" עוסק בקמצנות ולא בהססנות/ניטרליות; אך הביטוי (קלאק מאנגלית) נפוץ מאוד בתקשורת		6	נמנע מלנקוט עמדה, נמנע מלצדד	🟢 נקי	ויקינתונים (CC0) · יושב=L220480 · גדר=L76568
	אולי · לא נבדקה	אֶשְׁכּוֹל	הפירוש הקונקרטי (אשכול ענבים) שכיח מדי, אך הפירוש המופשט (קבוצת פריטים או יישובים קשורים) עשוי להיות מונח שימושי שאינו מכוסה.		1	צבר פירות או ניצנים היוצאים מעוקץ אחד; קבוצת פריטים קשורים זה לזה	🟢 נקי	ויקינתונים (CC0)
	אולי · לא נבדקה	הִגֵּר	מילה נפוצה למדי בחדשות (הגירה), ספק אם שכיחה מדי לרמת פסיכומטרי; "זה מכבר" הקרוב אינו קשור כלל.		1	עבר מארץ אחת לאחרת והשתקע בה לפרק זמן ממושך	🟢 נקי	ויקינתונים (CC0)
	אולי · לא נבדקה	הַס	מילת קריאה ספרותית לשקט; ספק אם שכיחה מדי (הביטוי "הס מלהזכיר") או ראויה כפריט מבחן נפרד.		1	מילת ציווי הדורשת שקט	🟢 נקי	ויקינתונים (CC0)
	אולי · לא נבדקה	הִצְפִּין	לפועל שני פירושים שונים (נע צפונה / הסתיר); ספק אם שני החושים דורשים כיסוי נפרד או שאחד מהם כבר מכוסה במילים אחרות.		1	נע צפונה; העלים, החביא	🟢 נקי	ויקינתונים (CC0)
	אולי · לא נבדקה	הִתְחַלָּה	קרוב מאוד ל"התחסד" (העמיד פני צדיק) במבנה אך שונה בתוכן (העמדת פני חולה); ספק אם ההבחנה חדה מספיק לפריט נפרד.		1	העמיד פני חולה, התחזה לחולה	🟢 נקי	ויקינתונים (CC0)
	אולי · לא נבדקה	חֲרִי (אַף)	ניב לכעס עז קרוב מאוד ל"בערה חמתו" הקיים; כמו חמה/עברה בתדריך, נרדפות לכעס אינן בהכרח כפילות, אך יש ספק אמיתי אם כבר מכוסה.		1	כעס, חֵמה, זעם	🟢 נקי	נחלת הכלל / CC0 (לפי ספריא)
	אולי · לא נבדקה	מְבוּסָם	"שיכור קלות" הוא רישום מדובר-יומיומי; ספק אם שכיח מדי, ולא קשור כלל ל"זע" הקרוב.		1	שיכור קלות, שתוי; מעט שיכור	🟢 נקי	נחלת הכלל / CC0 (לפי ספריא)
	אולי · לא נבדקה	מְשׁוּנָּן	תואר טכני-פיזי (בעל שיניים או צורת שיניים); ספק אם מונח צר מדי או פריט מבחן תקין.		1	בעל שיניים או בעל צורה של שיניים	🟢 נקי	נחלת הכלל / CC0 (לפי ספריא)
	אולי · לא נבדקה	עַלְוָוה	שם עצם ספרותי (עלווה); ספק אם שכיח מספיק אצל תלמידי תיכון או קשה מדי; "אושה" הקרוב אינו קשור באמת.		1	כלל העלים המכסים את העץ	🟢 נקי	ויקינתונים (CC0)
	אולי · לא נבדקה	פֶּרֶא	"חמור פרא / חסר תרבות" נפוצה יחסית, ספק אם שכיחה מדי לרמת פסיכומטרי.		1	חמור הבר; חסר תרבות	🟢 נקי	ויקינתונים (CC0)
	אולי · לא נבדקה	מְגֻבָּב	תואר נדיר; ספק אם קרוב מדי ל"שחוח" במובן הכפיפה הפיזית או שונה מספיק (ערימת חפצים מול כפיפת גוף).		1	ערוך בערימה, מועמס זה על גב זה	🟢 נקי	נחלת הכלל / CC0 (לפי ספריא)
	אולי · לא נבדקה	מְעִילָה	קרובה מאוד ל"מעל" (בגד באמון) שכבר בחדש; ספק אם שם העצם מוסיף די על הפועל הקיים כדי להיחשב פריט נפרד.		1	שימוש לרעה בכסף או ברכוש שהופקד בידיו; ניצול תפקיד לטובת עצמו	🟢 נקי	ויקינתונים (CC0)
	אולי · לא נבדקה	אֲדָנִית	נגזרת אפשרית מ"אדן" שכבר בחדש, אך המשמעות הספציפית (עציץ על אדן החלון) אינה בהכרח שקופה ממנו.		2	עציץ מוארך המונח בדרך-כלל על אדן החלון	🟢 נקי	ויקינתונים (CC0)
	אולי · לא נבדקה	בִּיוֹגְרַפְיָה	מילה לועזית נפוצה יחסית; ספק אם שכיחה מדי לרמת המבחן.		2	תאור תולדותיו של אדם מסוים	🟢 נקי	ויקינתונים (CC0)
	אולי · לא נבדקה	גִּיל/גִּילָה	נרדף קרוב ל"חדוה" (שמחה); כמו חמה/עברה בתדריך נרדפות אינן כפילות אוטומטית, אך יש ספק אמיתי בגלל הקרבה הרבה במשמעות.		2	שמחה, ששון, אושר	🟢 נקי	ויקינתונים (CC0)
	אולי · לא נבדקה	גְּמִילָה	שם עצם דו-משמעי (גמילה מהרגל מזיק / הבשלת פרי); ספק אם שני החושים דורשים כיסוי נפרד או ש"גלעין" הקרוב שונה מספיק.		2	השתחררות מהרגל מזיק; הבשלת הפרי	🟢 נקי	ויקינתונים (CC0)
	אולי · לא נבדקה	גַּנְזַך	שם עצם למקום אחסון ארכיוני; ספק אם מונח ארכיוני-מקצועי צר מדי.		2	ארכיב, ארכיון, מקום לאכסון מסמכים (לרוב ממשלתי)	🟢 נקי	ויקינתונים (CC0)
	אולי · לא נבדקה	הוֹכִיחַ	פועל דו-משמעי נפוץ (הוכחה בעדויות / נזיפה); ספק אם שכיח מדי בהיכרות בסיסית.		2	ביסס טענה בעזרת עדויות או היגיון; גער במישהו על מעשיו	🟢 נקי	ויקינתונים (CC0)
	אולי · לא נבדקה	הִכְמִין	פועל להנחה במקום מסתור; ספק אם קרוב מדי ל"שהה" (להישאר זמן־מה) או שונה מספיק (הסתרה מכוונת מול שהייה).		2	הניח במקום מסתור, החביא, הסתיר	🟢 נקי	ויקינתונים (CC0)
	אולי · לא נבדקה	הִשְׁכִּין	פועל רב-משמעי (יישוב שלום, יישוב דיירים, הנחה); ספק אם המשמעויות מכוסות חלקית על ידי "שכן" שבמשפחה.		2	הביא למצב רצוי כמו שלום או אווירה נוחה; יישב דיירים במקום מגורים; הניח, שם	🟢 נקי	ויקינתונים (CC0)
	אולי · לא נבדקה	הִשְׁתּוֹקֵק	קרוב מאוד ל"חפץ" (רצה) שכבר בחדש, אך "השתוקק" מבטא כמיהה עזה יותר; ספק אם ניואנס העוצמה מספיק להבחנה.		2	רצה מאוד	🟢 נקי	ויקינתונים (CC0)
	אולי · לא נבדקה	זְמוֹרָה	קרובה ל"חוטר" (ענף צעיר); ספק אם המשמעות הבוטנית שונה מספיק לפריט נפרד.		2	ענף, זרד	🟢 נקי	ויקינתונים (CC0)
	אולי · לא נבדקה	זָמַר	פועל חקלאי מדויק (גיזום גפן); ספק אם מונח חקלאי-מקצועי צר מדי.		2	גזם את שריגי הגפן והסיר ענפים מיותרים מן העץ	🟢 נקי	ויקינתונים (CC0)
	אולי · לא נבדקה	חִלְחוּל	קרוב ל"חלחלה" (פחד) שבמשפחה, אך המשמעות המילולית (חדירת נוזלים) שונה מהמשמעות המטפורית (פחד); ספק אם שונה דיו.		2	הסתננות; חדירה של מים וירידתם למעמקים	🟢 נקי	ויקינתונים (CC0)
	אולי · לא נבדקה	חָתָה	פועל נדיר (הרמת גחלים בכף); ספק אם מונח טכני-הסקתי צר מדי או פריט מבחן תקין.		2	הרים גחלים בכף או בכלי דומה והעבירם ממקום למקום	🟢 נקי	טקסט קלאסי (נחלת הכלל, לפי אופי החיבור)
	אולי · לא נבדקה	מִאוּס	קרוב ל"נלעג" (מגוחך); ספק אם "דוחה ומגעיל" זהה מספיק ל"מגוחך ועלוב" — גועל מול לעג הם רגשות שונים.		2	דוחה, מגעיל, בזוי	🟢 נקי	ויקינתונים (CC0)
	אולי · לא נבדקה	מִכְמוֹנֶת	שם עצם למלכודת; ספק אם קרוב מדי ל"טמן לו פח" (גם הכנת מלכודת) או שונה מספיק — חפץ קונקרטי מול פעולה.		2	מלכודת, פח יקוש	🟢 נקי	ויקינתונים (CC0)
	אולי · לא נבדקה	מִכְמָן	קרוב ל"מכמנים" (אוצרות חבויים) המופיע במשפחה בחדש; ספק אם זו נגזרת שקופה של מילה שכבר קיימת שם.		2	מטמון, אוצר	🟢 נקי	נחלת הכלל / CC0 (לפי ספריא)
	אולי · לא נבדקה	מְפוֹרָז	מונח גיאופוליטי-צבאי מדויק (שטח ללא כוחות צבא); ספק אם מקצועי-צר מדי.		2	שאין בו כוחות צבאיים	🟢 נקי	ויקיטקסט · נחלת הכלל (טקסט מקורי)
	אולי · לא נבדקה	מְרוּבָּב	קרוב מאוד ל"מגואל" (מוכתם ומלוכלך) שכבר בחדש; ספק אם זהה מדי במשמעות.		2	מוכתם, מלוכלך	🟢 נקי	ויקיטקסט · נחלת הכלל (טקסט מקורי)
	אולי · לא נבדקה	מְשׂוּרָה	קרובה מאוד לביטוי "במשורה" הקיים כמעט אותו ביטוי בדיוק; ספק אם זו כפילות של הניב עצמו.		2	כלי למדידת נוזלים; יחידת מידה לנוזלים; (במשורה) במידה מצומצמת, מעט מאוד	🟢 נקי	ויקינתונים (CC0)
	אולי · לא נבדקה	סָתוּם	מילה שכיחה מאוד בעגה (גם כגידוף "טיפש"); ספק אם שכיחה מדי לרמת פסיכומטרי למרות המשמעות הפורמלית התקנית.		2	לא ברור, לא מובן, מעורפל	🟢 נקי	ויקינתונים (CC0)
	אולי · לא נבדקה	פִּיטּוּם	קרוב מאוד ל"הלעיט" (האכלה מופרזת) שכבר בחדש; ספק אם שם העצם מוסיף די על הפועל הקיים.		2	האכלת מופרזת	🟢 נקי	ויקינתונים (CC0)
	אולי · לא נבדקה	צְדוּדִית	מונח ויזואלי-אמנותי (פרופיל); ספק אם מקצועי-צר מדי (צילום ואמנות).		2	פרופיל, מראה דמותו של אדם או עצם מן הצד	🟢 נקי	ויקינתונים (CC0)
	אולי · לא נבדקה	קָרוּא	תואר נדיר וארכאי (מי שהוזמן); ספק אם ברור מספיק כפריט עצמאי בשפה בת ימינו.		2	מי שהוזמן	🟢 נקי	ויקינתונים (CC0)
	אולי · לא נבדקה	רָווּי	תואר רב-משמעי (ספוג נוזל / עתיר); ספק אם המשמעויות מכוסות חלקית על ידי "מרבץ" הרחוק במשמעות.		2	שספג נוזל עד גבול הקליטה; שצמאונו סופק; עתיר, שיש בו הרבה מדבר מסוים	🟢 נקי	ויקינתונים (CC0)
	אולי · לא נבדקה	רָפֶה	קרוב ל"רכרוכי" (חלש אופי); ספק אם "רפה" (חלש פיזית ומדולדל) שונה מספיק מ"רכרוכי" (חלש אופי דווקא).		2	חלש ומדולדל, רופס	🟢 נקי	ויקינתונים (CC0)
	אולי · לא נבדקה	רִפְיוֹן רוּחַ	קרוב מאוד ל"רפיון ידיים" שבמשפחה בחדש — שני ניבים לאובדן מורל; ספק אמיתי אם זו כפילות או ניב נפרד.		2	יאוש; חולשה נפשית, חוסר אונים	🟢 נקי	נחלת הכלל / CC0 (לפי ספריא)
	אולי · לא נבדקה	שִׁעֲרוּך	קרוב ל"שמאי" (מעריך שווי) אך שונה בחלקי דיבור — תהליך מול איש מקצוע; ספק אם מכוסה דיו.		2	הערכת שווי מחדש	🟢 נקי	ויקינתונים (CC0)
	אולי · לא נבדקה	בִּיעוּת	חופף חלקית ל"מורא", אך מורא כולל יראת כבוד ואילו ביעות הוא אימה/בהלה חדה	מורא (חפיפה חלקית בלבד, לא זהה)	3	פחד גדול, מורא, אימה	🟢 נקי	ויקינתונים (CC0)
	אולי · לא נבדקה	בַּר-שְׁפִיטָה	"פקד" אינו קשור כלל, אך המונח עצמו כמעט אך ורק משפטי-פוליטי ("שאלה בת-שפיטה") - ספק אם רחב מספיק כמילת מבחן		3	מי שניתן לשפוט אותו	🟢 נקי	ויקיטקסט · נחלת הכלל (טקסט מקורי)
	אולי · לא נבדקה	בְּשׁוֹגֵג	קרוב ל"בלי משים" אך בשוגג הוא מונח הלכתי-משפטי (בניגוד ל"במזיד"), לא רק היסח דעת כללי	בלי משים (קרוב, לא זהה)	3	לא בכוונה, בטעות, שלא במתכוון, בלא יודעין	🟢 נקי	נחלת הכלל / CC0 (לפי ספריא)
	אולי · לא נבדקה	גַּמְלוֹנִי	"גמל" במשפחה, אך הקפיצה למשמעות המטאפורית (מסורבל, נע בכבדות) אינה מובנת מאליה גם למי שמכיר גמל		3	בעל גוף גדול ומסורבל, הנע בכבדות וללא חן	🟢 נקי	ויקינתונים (CC0)
	אולי · לא נבדקה	הִטִּיל אֶת חִתּוֹ / חִתָּתוֹ	הניב "הטיל מורא" הקיים במשפחה כמעט זהה במבנה ובמשמעות, אך זהו ניב שונה בכתיב	הטיל מורא (דומה מאוד, לא זהה)	3	הפחיד אותו מאוד, הרתיע	🟢 נקי	טקסט קלאסי (נחלת הכלל, לפי אופי החיבור)
	אולי · לא נבדקה	הֵמֵס	הפועל "נמס/המס" נפוץ יחסית - ספק אם שכיח מדי לבחינה או עדיין מילת מבחן לגיטימית		3	חימם מוצק עד שהפך לנוזל	🟢 נקי	ויקינתונים (CC0)
	אולי · לא נבדקה	הִרְפָּה	קרוב חלקית ל"חדל", אך "לא הרפה ממנו" הוא ניב נפרד; חפיפה חלקית עם ניבי המשפחה (ריפה ידיו)		3	הפסיק להחזיק בו, הפסיק להטריד או להציק	🟢 נקי	ויקינתונים (CC0)
	אולי · לא נבדקה	הִתְפִּיל	"תפל" כבר בחדש וההפעיל שקוף בלשנית, אך הקפיצה למשמעות הטכנית הספציפית (התפלת מים) אינה מובנת מאליה לכולם	תפל (שקוף חלקית)	3	הפך לתפל, הפך מי ים למי שתיה	🟢 נקי	ויקינתונים (CC0)
	אולי · לא נבדקה	חוֹשֶׁךְ מִצְרַיִם	הגדרה כמעט זהה ל"צלמות" הקיים ("אפלה כבדה"), אך זהו ניב תנ"כי בעל קונוטציה תרבותית ייחודית (מכת חושך)	צלמות (חפיפה כמעט מלאה)	3	אפלה כבדה, חושך מוחלט (מכת החושך במצרים)	🟢 נקי	נחלת הכלל / CC0 (לפי ספריא)
	אולי · לא נבדקה	חַתְרָנוּת	"חתר" כבר בחדש והשם-פעולה ניתן לניחוש חלקי, אך למונח קונוטציה פוליטית-אידאולוגית ספציפית שאינה מובנת אוטומטית		3	מאמץ נסתר לכרסם ביסודות של משטר או ממסד עד להפלתו	🟢 נקי	ויקינתונים (CC0)
	אולי · לא נבדקה	טָמַן ראשׁוֹ בַּחוֹל	"העלים עין" כמעט זהה במשמעות (התעלמות מכוונת), אך אלו ניבים נפרדים עם דימויים שונים (בת-יענה מול עצימת עין)	העלים עין (חפיפה כמעט מלאה)	3	התעלם מהמציאות החמורה	🟢 נקי	נחלת הכלל / CC0 (לפי ספריא)
	אולי · לא נבדקה	לְבָנָה	"סהר" כבר מכסה משמעות דומה (ירח), אך סהר עשוי להתייחס יותר לירח בצורת סהרון ואילו לבנה שם כללי לירח - חפיפה משמעותית, ספק אם כפילות מלאה	סהר (חפיפה משמעותית, לא ודאי זהה)	3	ירח, המאור הקטן	🟢 נקי	ויקינתונים (CC0)
	אולי · לא נבדקה	מבוֹאָר	לא נמצאה התאמה בחדש, אך המילה ניתנת לניחוש יחסית מהשורש הנפוץ "באר/הסביר" - ספק קל בקושי		3	מפורש, מוסבר	🟢 נקי	נחלת הכלל / CC0 (לפי ספריא)
	אולי · לא נבדקה	מַהְבִּיל	"הבל" (השורש) כבר בחדש אך במשמעות המושאלת (הבל הבלים), לא הבל=אד; הקשר למשמעות הפיזית (מעלה אדים) אינו ברור מאליו		3	מעלה אדים, רותח	🟢 נקי	ויקינתונים (CC0)
	אולי · לא נבדקה	מֵי תְּהוֹם	צירוף שקוף יחסית (מי + תהום = מים עמוקים), מונח גיאוגרפי-הידרולוגי ספציפי; "אשד" אינו קשור		3	מים המחלחלים לעומק הקרקע ונאגרים בשכבות סלע נקבוביות	🟢 נקי	נחלת הכלל / CC0 (לפי ספריא)
	אולי · לא נבדקה	מִנְיָן	המשמעות הדתית (מניין לתפילה) שכיחה מאוד, אך משמעויות אחרות (ספירה, שיטת מניין שנים) פחות מוכרות; "התל" אינו קשור		3	סך הפריטים שנספרו; עשרה גברים יהודים בוגרים — המספר המזערי לתפילה בציבור; שיטה לציון שנים	🟢 נקי	ויקינתונים (CC0)
	אולי · לא נבדקה	מַעֲגָן	"עגן" (השורש) עשוי להיות במשפחת החדש; אם מוכר, הנגזרת (מקום עגינה) שקופה יחסית, אך תלוי בהיכרות עם השורש הימי		3	נמל, מרינה, מפרץ קטן המשמש לעגינת כלי שיט	🟢 נקי	ויקינתונים (CC0)
	אולי · לא נבדקה	נַקְבּוּבִית	"נקב" (חור) כבר במשפחת החדש; נקבובית היא הקטנה שקופה יחסית (חור זעיר), בשימוש בהקשרים מדעיים-טכניים		3	נקב קטן מאוד, חור זעיר	🟢 נקי	ויקינתונים (CC0)
	אולי · לא נבדקה	עָלַב	"כרסם" מתאר פגיעה הדרגתית, לא עלבון ישיר - התאמה חלקית בלבד; המושג עצמו (העלבה) שכיח למדי, גם אם הפועל בבניין קל פחות רגיל		3	העליב, פגע	🟢 נקי	ויקינתונים (CC0)
	אולי · לא נבדקה	בַּר-כִּבּוּשׁ	כמו "בר-שפיטה", זהו מבנה תחבירי-משפטי/צבאי צר יחסית (שטח בר-כיבוש); "פקד" אינו קשור		4	שאפשר לכבוש אותו	🟢 נקי	נחלת הכלל / CC0 (לפי ספריא)
	אולי · לא נבדקה	הִצְנִיעַ	"בצנעה" כבר במשפחת החדש מאותו שורש (צנע); הפועל "הצניע" קרוב מבחינה מושגית אך אינו זהה תחבירית - חפיפה חלקית		4	הניח דבר מה כך שלא יבלוט, החביא, הסתיר	🟢 נקי	ויקינתונים (CC0)
	אולי · לא נבדקה	חַבּוּרָה	"החוה" (סימן בתנועת גוף) אינו קשור; אך "חברבורה" (כתם מנומר) במשפחת החדש קרוב במושג לחבורה - חפיפה חלקית, לא זהה (חברבורה לאו דווקא מחבלה)		4	סימן כחול / נפיחות כתוצאה ממכה	🟢 נקי	ויקינתונים (CC0)
	אולי · לא נבדקה	חוּצוֹת	נגזרת/ריבוי ספרותי של המילה הבסיסית "חוץ"; לא ברור אם ראוי כמילת מבחן נפרדת או נגזרת שקופה מדי		4	שטחים פתוחים, רחובות	🟢 נקי	נחלת הכלל / CC0 (לפי ספריא)
	אולי · לא נבדקה	יְבָבָה	"יבב" (השורש, כנראה "יילל") במשפחת החדש - אם משמעותו זהה אז יבבה שם-פעולה שקוף, אך אין הגדרה מאושרת לשורש בטבלה		4	יללה, בכי ממושך או מקוטע (על פי רוב לא חזק)	🟢 נקי	ויקינתונים (CC0)
	אולי · לא נבדקה	יְדִיד נֶפֶשׁ	הצירוף שקוף יחסית מרכיביו (ידיד, נפש - שתי מילים בסיסיות) וגם מוכר תרבותית כפיוט השבת; ספק אם ראוי כמילת מבחן נפרדת		4	חבר נפש, חבר טוב	🟢 נקי	נחלת הכלל / CC0 (לפי ספריא)
	אולי · לא נבדקה	כְּמִיהָה	"הומה" עשוי לשאת משמעות פיוטית של געגוע (כמו "לב הומה"), אך משמעותו הרגילה "רועש/סואן" - לא ברור אם יש חפיפה אמיתית, אין הגדרה מאושרת בטבלה		4	השתוקקות	🟢 נקי	ויקינתונים (CC0)
	אולי · לא נבדקה	מַהַתַלָה	קרוב מאוד ל"משובת נעורים" הקיים (67% חפיפה), אך זה מדגיש שובבות נעורים ואילו מהתלה תעלול/קונדס כללי יותר ולאו דווקא של צעירים - חפיפה חלקית	משובת נעורים (חפיפה חלקית, לא זהה)	4	שובבות, מעשה קונדסות	🟢 נקי	ויקינתונים (CC0)
	אולי · לא נבדקה	מְחִית	"קרוץ" אינו קשור (ניב "קרוץ מאותו חומר" שונה לגמרי); אך "מחית" (פירה) עשויה להיות שכיחה יחסית בהקשר בישול/מזון תינוקות - ספק קל בשכיחות		4	מאכל עשוי מפירות או ירקות מעוכים, פירה	🟢 נקי	ויקינתונים (CC0)
	אולי · לא נבדקה	מִכְסָה	חפיפה נמוכה עם "לכתחלה", אך יש ספק אם "מכסה" (כמות שנקבעה מראש) שכיחה מדי בשיח הכלכלי ("מכסות ייבוא").		4	כמות מסוימת שנקבעה מראש	🟢 נקי	ויקינתונים (CC0)
	אולי · לא נבדקה	מַרְשֶה	"הסמיך" מכסה חלקית (33%) אך מרשה הוא שם עצם משפטי ספציפי (מייפה כוח לשליח); ספק אם ההבדל מספיק ואם זה מונח משפטי צר מדי.		4	אדם המסמיך שליח או עורך דין לפעול בשמו	🟢 נקי	ויקינתונים (CC0)
	אולי · לא נבדקה	נִפְתָּל	יתכן ש"נפתולים" (משפחה בחדש) כבר מכסה את מובן העקלקלות, אך לנפתל גם מובן נוסף (ערמומי) שלא ברור אם מכוסה.		4	עקלקל, פתלתל; ערמומי, תחבולני	🟢 נקי	ויקינתונים (CC0)
	אולי · לא נבדקה	שַׁלְשֶׁלֶת	ביטוי "שלשלת אירועים/יוחסין" נפוץ מאוד, יתכן שהמילה מוכרת מדי, אך המובן המילולי (שרשרת מתכת) פחות נפוץ.		4	שרשרת כבדה עשויה טבעות מתכת	🟢 נקי	ויקינתונים (CC0)
	אולי · לא נבדקה	תָּמַהּ	"פקפק" מכסה רק את המובן המשני (הטלת ספק); המובן העיקרי (התפלאות/השתוממות) אינו מכוסה — יש ספק.		4	התפלא, השתומם; הטיל ספק, התחבט לגבי נכונותו של דבר	🟢 נקי	ויקינתונים (CC0)
	אולי · לא נבדקה	תַּרְעוֹמֶת	חפיפה גבוהה (67%) עם "טינה" אך המשמעויות קרובות ולא זהות (תרעומת=תלונה מובעת, טינה=כעס שמור בלב) — כמו בדוגמת חמה/עברה, נרדפות אינה כפילות.		4	תחושת כעס, רוגז	🟢 נקי	ויקינתונים (CC0)
	אולי · לא נבדקה	בְּעָתָה	קרוב נושאית ל"הלך אימים" (הטלת פחד) אך בעתה היא תחושה מנקודת מבט החווה, ואילו "הלך אימים" מתאר הטלת פחד על אחרים — יש ספק אם ההבדל מספיק.		5	פחד פתאומי, בהלה, חרדה	🟢 נקי	ויקינתונים (CC0)
	אולי · לא נבדקה	דָּחַק אֶת הַשָעָה	קרוב ל"נמהר" (פזיזות) אך מתמקד ספציפית בכפיית תזמון מוקדם מדי ולא בנמהרות כללית — יש ספק אם ההבדל מספיק.		5	עשה משהו לפני זמנו, נהג בפזיזות	🟢 נקי	נחלת הכלל / CC0 (לפי ספריא)
	אולי · לא נבדקה	הִיפּוֹתֶטִי	מילה בינלאומית שכיחה למדי בשימוש יומיומי בדיונים וויכוחים; ספק אם קשה מספיק כמילת מבחן.		5	משוער, לא ודאי, תאורטי	🟢 נקי	ויקינתונים (CC0)
	אולי · לא נבדקה	הֵלִיט	חפיפה גבוהה (50%) עם "חפה", שתיהן "כיסה/הסתיר" — יתכן כפילות, אך יתכן ניואנס (חפה=הגנה על מישהו, הליט=עטיפה פיזית-מילולית).		5	כיסה, הסתיר (לוֹט - כיסוי)	🟢 נקי	ויקינתונים (CC0)
	אולי · לא נבדקה	חֲדַל פֵּרָעוֹן	מונח משפטי-כלכלי ספציפי (חדלות פרעון); יתכן צר מדי מקצועית, אך גם מופיע בחדשות כלכליות — יש ספק.		5	מי שלא מסוגל לשלם את חובו	🟢 נקי	ויקיטקסט · נחלת הכלל (טקסט מקורי)
	אולי · לא נבדקה	חִלּוּפֵי גַּבְרֵי	ביטוי נפוץ למדי בעיתונות הפוליטית הישראלית (חילופי אנשי ציבור); יש ספק אם מוכר מדי לתלמיד ממוצע.		5	החלפת בעלי תפקידים	🟢 נקי	ויקיטקסט · נחלת הכלל (טקסט מקורי)
	אולי · לא נבדקה	מַסָּד	חפיפה גבוהה (50%) עם "כן/כנה" — שתיהן "בסיס עליו נשען משהו", אך מסד ספציפי יותר ליסוד מבנה ואילו כנה כללי יותר; יש ספק.		5	בסיס, יסוד	🟢 נקי	ויקינתונים (CC0)
	אולי · לא נבדקה	מְעֻקָּר	קרוב משפחתית ל"עקר" (עקרות/אי-פוריות), אך המובן הספציפי כאן (חיטוי מוחלט מחיידקים) שונה מהמובן הבסיסי הביולוגי — יש ספק אם ההבחנה מספקת.		5	שעבר חיטוי מוחלט מכל החיידקים שבו, סטֶרילי	🟢 נקי	נחלת הכלל / CC0 (לפי ספריא)
	אולי · לא נבדקה	שָׂטַם	קרוב מאוד ל"שקץ" (תיעב), אך שטם מדגיש איבה/טינה ושקץ מדגיש גועל — יתכן שזו אותה משמעות בפועל		5	שנא, תיעב	🟢 נקי	ויקינתונים (CC0)
	אולי · לא נבדקה	שָׁעָה קַלָּה	"שלהי" עוסק בסוף תקופה ולא באורך קצר — התאמה שגויה; אך הביטוי נפוץ למדי וייתכן שמוכר לרוב הנבחנים		5	פרק זמן קצר	🟢 נקי	נחלת הכלל / CC0 (לפי ספריא)
	אולי · לא נבדקה	אֶבֶן דֶּרֶךְ	מונח שכיח יחסית בתקשורת ("אבן דרך" במובן ציון דרך), וגם שקוף למדי; לא מכוסה ע"י "תרפה" (נקודת תורפה)		6	נקודת ציון המסמנת אירוע משמעותי בהשתלשלות של מאורעות	🟢 נקי	ויקינתונים (CC0)
	אולי · לא נבדקה	אַשְׁפָּרָה	מונח טכני צר (תעשיית טקסטיל/בטון), ספק אם מתאים למבחן כללי, אך אינו מכוסה כלל		6	עיבוד מסיים המחזק את איכות הבד; החזקת בטון בלחות לחיזוקו	🟢 נקי	ויקיטקסט · נחלת הכלל (טקסט מקורי)
	אולי · לא נבדקה	בָּא כֹּחַ	"עמיל" הוא סוכן מכס ספציפי ולא זהה ל"בא כוח" הכללי; אך המונח נפוץ למדי בחדשות משפטיות		6	מורשה, נציג	🟢 נקי	נחלת הכלל / CC0 (לפי ספריא)
	אולי · לא נבדקה	גָּזַר	חלק מהמשמעות ("פסק וקבע") חופף לחרץ, אך "הסיק" אינו מכוסה; גם המילה גזר עצמה שכיחה מאוד ("גזר דין")		6	פסק, קבע פסק דין; הסיק	🟢 נקי	ויקינתונים (CC0)
	אולי · לא נבדקה	הִגִיר	קרוב מאוד ל"יצק" (שפך נוזל), אך יתכן ניואנס של זרימה (דמעות) מול יציקה/מתכת		6	שפך, הזיל	🟢 נקי	ויקינתונים (CC0)
	אולי · לא נבדקה	חֲמַרְמֹרֶת	מילה שכיחה בעגה יומיומית (המילה הרגילה ל"האנג-אובר"), ייתכן שמוכרת לרוב הנבחנים		6	האנג-אובר	🟢 נקי	ויקינתונים (CC0)
	אולי · לא נבדקה	מָט	ייתכן שהמילה כבר מיוצגת דרך הביטוי "מט לנפל" הקיים בחדש, אך כמילה עצמאית יתכן שהיא נבדלת		6	נע בחוסר יציבות, התנדנד, נטה ליפול	🟢 נקי	ויקינתונים (CC0)
	אולי · לא נבדקה	נִיבוֹן	תבנית גזירה שקופה (כמו מילון), עלולה להיות קלה לנחש למי שמכיר את המילה "ניב"		6	אוסף ניבים ופתגמים, מילון ניבים	🟢 נקי	ויקיטקסט · נחלת הכלל (טקסט מקורי)
	אולי · לא נבדקה	נֶקְטָר	מותג מיץ מוכר מאוד, ספק אם שכיח מדי, אך יש למילה גם משמעויות נוספות (צוף פרחים, מזון האלים) שאינן טריוויאליות		6	צוף מתוק שפרחים מפרישים כדי למשוך מאביקים; מזון האלים במיתולוגיה היוונית; מיץ פירות סמיך	🟢 נקי	נחלת הכלל / CC0 (לפי ספריא)
	אולי · לא נבדקה	פּוֹלִיגַמְיָה	מילה בינלאומית שקופה למדי ("פולי" מוסבר בהגדרה עצמה כ"הרבה"), ייתכן שקלה לנחש		6	נישואי גבר למספר נשים (פולי - הרבה)	🟢 נקי	ויקינתונים (CC0)
	אולי · לא נבדקה	פְּרַקְלִיט	"שיג ושיח" אינו קשור במשמעות (עורך דין מול קשר/מגע), אך המילה שכיחה למדי בזכות "פרקליטות המדינה" בחדשות		6	עורך דין, טוען	🟢 נקי	ויקינתונים (CC0)
	אולי · לא נבדקה	קִרְקֵעַ	שקופה יחסית מ"קרקע" (אדמה), קל לנחש "ריתק לקרקע", אך המובן "ריתק לבית" (עונש) פחות מובן מאליו		6	אסר להמריא, ריתק לקרקע; ריתק לבית	🟢 נקי	ויקינתונים (CC0)
	אולי · לא נבדקה	אִבֵּק	נגזרת שקופה יחסית מ"אבק", אך יש לה שתי משמעויות מנוגדות (ניקוי אבק מול פיזור אבקה) שקשה לנחש בלי הקשר		7	ניקה מאבק, הוציא אבק; פיזר אבקה על משהו	🟢 נקי	ויקינתונים (CC0)
	אולי · לא נבדקה	אִשְׁרוּר	מונח נפוץ בחדשות (אשרור הסכמים), אך משמעותו הספציפית (אישור רשמי-סופי) שונה מ"התיר" (שחרור/היתר)		7	אישור סופי	🟢 נקי	ויקינתונים (CC0)
	אולי · לא נבדקה	בְּדוּתָה	קרוב מאוד ל"כחש" (שקר), אך בדותה מדגישה בדייה/המצאה ולא בהכרח כזב מכוון		7	שקר, דבר בדוי	🟢 נקי	ויקינתונים (CC0)
	אולי · לא נבדקה	בִּיגַמְיָה	מילה בינלאומית שקופה למדי ("בי"=שתיים), עלולה להיות קלה לנחש		7	נשואי גבר אחד לשתי נשים בו זמנית, נישואים כפולים	🟢 נקי	ויקינתונים (CC0)
	אולי · לא נבדקה	חֲבַרְבָּר	נגזרת קרובה ל"חברבורה" שכבר בחדש, יתכן ושקופה למי שמכיר אותה		7	בעל חברבורות, מנומר	🟢 נקי	נחלת הכלל / CC0 (לפי ספריא)
	אולי · לא נבדקה	יַנוּקָא	קרוב מאוד ל"עולל", אך ינוקא עשוי לחול גם על ילד קטן מעט יותר מבוגר ולא רק תינוק יונק		7	תינוק	🟢 נקי	ויקינתונים (CC0)
	אולי · לא נבדקה	מַאְפֵּלְיָה	קרוב מאוד ל"צלמות" (חושך כבד), אך צלמות נושאת קונוטציה מקראית של "צל מוות" שאינה בהכרח קיימת במאפליה		7	אפלה גדולה, חשכה כבדה, חושך מוחלט	🟢 נקי	ויקינתונים (CC0)
	אולי · לא נבדקה	מֵלִיץ	המשמעות "מליץ בזכותו" מכוסה למעשה ע"י "מליץ ישר" שכבר בחדש (וכולל את המילה מליץ עצמה), אך המשמעות השנייה "מתורגמן" אינה מכוסה כלל		7	מי שממליץ על מישהו ומדבר בזכותו; מתורגמן	🟢 נקי	ויקינתונים (CC0)
	אולי · לא נבדקה	מַרְזֵחַ	קרוב ל"כרה" (סעודה/משתה), אך מרזח קשור ספציפית לשתייה/הוללות ("בית מרזח"=פאב) בעוד כרה כללי יותר		7	משתה (בית ___ - פאב)	🟢 נקי	ויקינתונים (CC0)
	אולי · לא נבדקה	מִשְׂגָּב	קרוב מאוד ל"מפלט" (מחסה), אך משגב מדגיש מקום גבוה/מבצר שמפלט אינו כולל בהכרח		7	מקום גבוה שמשמש כמחסה, מצודה	🟢 נקי	ויקינתונים (CC0)
	אולי · לא נבדקה	נְאָצָה	ייתכן שנאץ (במשפחה) מכסה כנגזרת שקופה, אך תוכחה שונה במהות (נזיפה מוסרית מול גידוף/כפירה) ולא ברור שנאץ אכן מילת ראש בחדש		7	גידוף, דברי בלע	🟢 נקי	ויקינתונים (CC0)
	אולי · לא נבדקה	נַכְלוּלִי	ייתכן כיסוי חלקי דרך שרלטן/נכלים, אך שרלטן מתמקד בהתחזות למומחה ולא בעורמה/רמאות כללית		7	רמאי, נוכל, מעורפל בכוונותיו	🟢 נקי	ויקינתונים (CC0)
	אולי · לא נבדקה	רָגַן	חפיפה גבוהה (100%) ב"התלונן", אך התרעם מוסיף רכיב כעס שאינו בהכרח חלק מליבת המשמעות של רגן		7	התלונן	🟢 נקי	ויקינתונים (CC0)
	אולי · לא נבדקה	רַפְרֶפֶת	ספק בין היותה מנה קולינרית מוכרת יחסית לבין ערך אוצר-מילים אמיתי; התאמה מכנית שגויה דרך "סוג"		7	סוג של קינוח אוורירי, פודינג	🟢 נקי	ויקינתונים (CC0)
	אולי · לא נבדקה	רָצַץ	חפיפה משמעותית עם נפץ (שבר/ריסק), אך ייתכן ניואנס שונה (מעיכה/דיכוי מול התפוצצות פתאומית)		7	שבר, ריסק, ניפץ	🟢 נקי	ויקינתונים (CC0)
	אולי · לא נבדקה	שִׁהוּי	מעצור חופף ב"עיכוב" אך מוסיף דגש על מכשול/ריסון עצמי שאינו בהכרח ליבת המשמעות המשפטית של שיהוי		7	עיכוב, איחור	🟢 נקי	ויקינתונים (CC0)
	אולי · לא נבדקה	תִּכְתּוֹבֶת	מילה שכיחה יחסית בעברית עיתונאית-משרדית (התכתבות), ספק אם קשה/נדירה מספיק למבחן		7	חילופי הודעות כתובות בין אנשים או מוסדות; אוסף ההודעות שהוחלפו ביניהם	🟢 נקי	ויקינתונים (CC0)
	אולי · לא נבדקה	אַגַּב אוֹרְחָא	המשמעות ("דרך אגב") שכיחה ומוכרת לכל, אך הניסוח הארמי הייחודי עצמו פחות מוכר; ספק אם שווה כפריט נפרד		8	דרך אגב	🟢 נקי	נחלת הכלל / CC0 (לפי ספריא)
	אולי · לא נבדקה	אַחֲרִית	אפילוג (הקרוב) הוא מונח ספרותי ספציפי, בעוד אחרית היא מילה מופשטת (גורל/סוף); "אחרית דבר" במשפחה מכסה רק את הצירוף הספציפי		8	קץ, סוף, סיום	🟢 נקי	ויקינתונים (CC0)
	אולי · לא נבדקה	הֵחִישׁ (אֶת) צְעָדָיו / פְּעָמָיו	האיץ קרוב מאוד במשמעות, אך זהו ניב ספציפי (צעדיו/פעמיו) שראוי להיבחן כפריט נפרד לפי כלל הניבים		8	הגביר את קצב הליכתו, מיהר	🟢 נקי	ויקינתונים (CC0)
	אולי · לא נבדקה	הֶחְרִישׁ	חרישי (במשפחה) קרוב בשורש ובמשמעות (שקט), אך החריש הוא פועל דו-משמעי (שתק/השתיק) שאינו נגזר מאליו מהתואר		8	שתק, נאלם, דמם; השתיק, גרם לדממה	🟢 נקי	ויקינתונים (CC0)
	אולי · לא נבדקה	הִרְכִּין	רכן (במשפחה) כמעט נרדף; ההבדל בעיקר תחבירי (פועל עומד מול פועל יוצא) ולא סמנטי מובהק		8	כפף, הטה כלפי מטה	🟢 נקי	ויקינתונים (CC0)
	אולי · לא נבדקה	מְבֻדָּר	מילה מדוברת-סלנגית נפוצה יחסית ("מבודר"=מבולבל/מפוזר); ספק אם מתאימה לרמת מבחן פסיכומטרי		8	מפוזר	🟢 נקי	ויקינתונים (CC0)
	אולי · לא נבדקה	קֶרֶן יַעַר	שם כלי נגינה ספציפי; ספק אם זהו אוצר-מילים ספרותי-מופשט המתאים למבחן או ידע כללי/טריוויה		8	כלי נשיפה ממתכת	🟢 נקי	נחלת הכלל / CC0 (לפי ספריא)
	אולי · לא נבדקה	אוֹטוֹרִיטָה	מילה שאולה שכיחה יחסית; קרובה מושגית לבקיאות (הידע המוביל לסמכות) אך אינה זהה (הסמכות עצמה)		9	סמכות הנובעת מידע בתחום מסוים	🟢 נקי	ויקינתונים (CC0)
	אולי · לא נבדקה	הֶעֱרָה	חלק מהמשמעות ("שפך") חופף ל-יצק, אך המובן "גילה/חשף/עירטל" אינו מכוסה כלל		9	גילה, חשף, עירטל; יצק, שפך, רוקן כלי	🟢 נקי	ויקינתונים (CC0)
	אולי · לא נבדקה	מוּפְשָט	ספק אם שכיחה מדי (הזוג מוחשי/מופשט נלמד כבר בבי"ס), וגם חפיפה חלקית עם "נטול" (נטול חומריות)		9	ערטילאי, נטול גשמיות (להיפך: מוחשי)	🟢 נקי	ויקינתונים (CC0)
	אולי · לא נבדקה	מַעֲקָשׁ	"מכשול" מכוסה חלקית ע"י משוכה, אך המשמעות הנוספת (מפותל, לא ישר) לא מכוסה		9	מכשול, סיבוך; מפותל, שאינו מישורי	🟢 נקי	ויקינתונים (CC0)
	אולי · לא נבדקה	מִתְוֶוה	המילה שכיחה יחסית בעברית עיתונאית (מתווה הסכם/גז) - ספק אם קשה מספיק; גם "קנה מדה" שונה במשמעות		9	שרטוט או רישום בקווים כלליים, סקיצה	🟢 נקי	ויקינתונים (CC0)
	אולי · לא נבדקה	נִקְהַל	ניתן לשער מהשורש הנפוץ קהל/קהילה - ספק אם אטומה מספיק, אין מועמד אמיתי		9	נקבץ, נאסף	🟢 נקי	ויקינתונים (CC0)
	אולי · לא נבדקה	צָבָא	חפיפה חלקית - "נקוה" מתייחס בעיקר לנוזלים שהצטברו, "צבא" (התאסף) רחב יותר		9	התאסף, התקהל	🟢 נקי	ויקינתונים (CC0)
	אולי · לא נבדקה	קוֹלֶגָה	ספק אם שכיחה מדי (מונח תעסוקתי נפוץ, לא בטוח שכל תלמיד תיכון מכיר)		9	חבר למקצוע, עמית	🟢 נקי	ויקינתונים (CC0)
	אולי · לא נבדקה	קָם	"הקיץ" מכסה רק את משמעות ההתעוררות, לא את המשמעות המרכזית "אויב" (קם עלינו)		9	אויב; נבנה, יוסד; התעורר, פקח עינים	🟢 נקי	ויקינתונים (CC0)
	אולי · לא נבדקה	רָצַע	חפיפה גדולה במשמעות "עשה חור" מול קדח, אך יש ניואנס בכלי (מרצע-ניקוב מול מקדח-קידוח)		9	עשה חור (מַרְצֵע - מכשיר לניקוב חורים)	🟢 נקי	ויקינתונים (CC0)
	אולי · לא נבדקה	שְׁרִירוּת	"הסב" לא רלוונטי; חשד לחפיפה עם "שרירות לב" שכבר במשפחה בחדש, לא ניתן לוודא בלי הגדרתו		9	נהייה אחר רצון אישי בלי התחשבות בכללים או באחרים	🟢 נקי	ויקינתונים (CC0)
	אולי · לא נבדקה	שְׁרִירוּתִי	דומה - עלולה להיות נגזרת של "שרירות לב" שכבר בחדש; גם "חפוז" אינו מדויק כמועמד		9	נעשה מתוך גחמה, בלי אמת מידה הוגנת או נימוק סביר	🟢 נקי	ויקינתונים (CC0)
	אולי · לא נבדקה	אִיּוּשׁ	יתכן מונח מנהלי/ביורוקרטי צר (איוש משרות/תקנים); חפיפה עם "הקהיל" חלקית בלבד		10	הצבת אנשים במקום מסוים על מנת שיבצעו מטלה מסוימת	🟢 נקי	ויקינתונים (CC0)
	אולי · לא נבדקה	אָקוּטִי	שכיחה יחסית בעברית עיתונאית/רפואית (מצב אקוטי) - ספק אם אטומה מספיק		10	חריף, חמוּר, דחוף, קריטי	🟢 נקי	ויקינתונים (CC0)
	אולי · לא נבדקה	גַשְׁמִי	חפיפה מושגית חלקית עם "קרם עור וגידים" (תהליך של התממשות, לא תואר מצב); גם שכיחה למדי (ניגוד גשמי/רוחני)		10	שניתן לתפיסה בעזרת החושים, חומרי, מוחשי, ממשי, ארצי	🟢 נקי	ויקינתונים (CC0)
	אולי · לא נבדקה	הֵחִיל	מונח משפטי-מנהלי (הפעיל חוק/תקנה) - ספק אם צר מדי למבחן כללי		10	העניק תוקף לחוק או תקנה	🟢 נקי	ויקינתונים (CC0)
	אולי · לא נבדקה	הִמְצִיא	המשמעות הרווחת (יצר דבר חדש) שכיחה מדי; המשמעות הארכאית (מסר, הגיש) חופפת חלקית בלבד ל"הלשין"		10	יצר או הגה דבר חדש; מסר או הגיש דבר לידי אחר	🟢 נקי	ויקינתונים (CC0)
	אולי · לא נבדקה	הִתְנוֹדֵד	חפיפה משמעותית עם "הדס" (נענוע מצד לצד), אך הדס ספציפי להליכה ואילו התנודד כללי יותר (גם עמידה/תזוזה)		10	נע מצד לצד בחוסר יציבות	🟢 נקי	ויקינתונים (CC0)
	אולי · לא נבדקה	חָמָס	חפיפה ממשית עם "עשק" (שניהם כוללים "גזל" בהגדרה), אך חמס כללי יותר (אלימות/עוול)		10	שוד, גניבה, גזל	🟢 נקי	ויקינתונים (CC0)
	אולי · לא נבדקה	כִּתֵּר	הגדרות דומות מילולית (שתיהן "הקיף"), אך אפף להקשר רגשי/מופשט וכיתר בעיקר להקשר פיזי/צבאי		10	הקיף מכל הצדדים	🟢 נקי	ויקינתונים (CC0)
	אולי · לא נבדקה	מַבְכִּירָה	קרבה למשפחת "בכר" (בכור) שכבר בחדש - יתכן נגזרת מובנת, אך גם מונח חקלאי/מקראי צר (ביכור נקבה)		10	אישה או בהמה המביאה לעולם את צאצאה הראשון (הבכור)	🟢 נקי	נחלת הכלל / CC0 (לפי ספריא)
	אולי · לא נבדקה	מַדְוֶה	חפיפה חלקית ("ייסורים" משותף), אך מדווה מדגיש מחלה/חולי גופני ומכאוב מדגיש כאב/צער		10	מחלה, חולי, כאב, ייסורים	🟢 נקי	נחלת הכלל / CC0 (לפי ספריא)
	אולי · לא נבדקה	מַהֲדִיר	מונח ספרותי-אקדמי צר יחסית (עורך מהדורות טקסט) - ספק אם מקצועי מדי למבחן כללי		10	מי שמכין כתב יד או ספר עתיק לדפוס, משווה נוסחים ומוסיף הערות	🟢 נקי	נחלת הכלל / CC0 (לפי ספריא)
	אולי · לא נבדקה	מִלְטָשָׁה	יתכן נגזרת שקופה מ"לטש" (בתבנית מ___ה כמו מספרה), אך גם מונח מקצועי צר (בית מלאכה לליטוש)		10	בית מלאכה לליטוש שיש, אבני חן וכו'	🟢 נקי	ויקינתונים (CC0)
	אולי · לא נבדקה	מַתְמִיהַּ	משמעות אחת (מעורר פליאה) קרובה ל"השתאות", אך המשמעות הנוספת (מוזר, תמוה) לא מכוסה		10	מעורר פליאה, מדהים; מוזר, תמוה	🟢 נקי	נחלת הכלל / CC0 (לפי ספריא)
	אולי · לא נבדקה	פָּג	חפיפה מושגית אמיתית (איבוד כוח/תוקף) עם "נטל עקצו", אך זה ספציפי ל"עוקץ" ופג כללי יותר		10	אבד את כוחו או את תוקפו, חלף והתאדה	🟢 נקי	ויקינתונים (CC0)
	אולי · לא נבדקה	פֶּרְמָנֶנְטִי	חולק בתוקף על הסיווג המכני - "ארעי" (זמני) הוא ההפך ממש מ"פרמננטי" (קבוע); אך המילה שכיחה למדי כלוואי-מילה		10	קבוע	🟢 נקי	ויקינתונים (CC0)
	אולי · לא נבדקה	שִׁעוּר	חפיפה חלקית עם "זרת" (יחידת מידה קטנה וספציפית), שיעור רחב יותר (מידה כללית); גם חשש לבלבול עם המשמעות הנפוצה "שיעור לימוד"		10	גודל, מידה	🟢 נקי	ויקינתונים (CC0)
	לא שווה · הוכרעה	עֲבוֹתוֹת	וריאנט/צורת קרובה של עבת שכבר בחדש (שניהם מהשורש עב"ת, עניינם סמיך ומעובה)	עבת	7	חבלים עבים	🟢 נקי	ויקינתונים (CC0) · עבות=L215880
	לא שווה · הוכרעה	נוֹטֵר טִינָה	"נוטר" בחדש מוגדר במפורש כ"שומר כעס בליבו" — אותה משמעות בדיוק כבר קיימת.	נוטר	1	לא סולח, שומר כעס	🟢 נקי	ויקינתונים (CC0) · נטר=L214451 · טינה=L211390
	לא שווה · הוכרעה	שׁוֹבֵב אֶת נַפְשׁוֹ	המשמעות (עודד, דרבן) זהה מילה במילה להגדרת "אמץ את ידיו" שכבר בחדש	אמץ את ידיו	5	עודד אותו, דרבן אותו	🟢 נקי	ויקינתונים (CC0) · שובב=L219261 · נפש=L214889
	לא שווה · הוכרעה	נִכְמַר לִבּוֹ	וריאנט כמעט זהה ל"נכמרו רחמיו" שכבר בחדש (לפי שדה המשפחה), וגם מכוסה ע"י "חס"	נכמרו רחמיו / חס	9	ריחם, חס	🟢 נקי	ויקינתונים (CC0) · נכמר=L214647 · לב=L65885
	לא שווה · הוכרעה	סוּרֵיאָלִיסְטִי	שכיחה מאוד בשיח היומיומי ("זה היה סוריאליסטי"), מוכרת לכל תלמיד תיכון	-	10	לא מציאותי	🟡 נחלת הכלל בשפת המקור	ויקיטקסט הצרפתי · נחלת הכלל · Les Mamelles de Tirésias · גיום אפולינר, 1917
	לא שווה · הוכרעה	הִכְחִישׁ	שכיח מאוד בשימוש יומיומי ובחדשות ("הכחיש את הטענות"), מוכר לכל תלמיד תיכון.	שכיחות גבוהה מדי — מונח חדשותי נפוץ	1	טען שמשהו אינו נכון, שלל	🟢 נקי	ויקינתונים (CC0)
	לא שווה · הוכרעה	הִפְלִיא בּוֹ אֶת מַכּוֹתָיו	וריאנט כמעט זהה ("הפליא את מכותיו") מופיע ממש בעמודת המשפחה בחדש.	הפליא את מכותיו	1	הִכָּה אותו	🟢 נקי	נחלת הכלל / CC0 (לפי ספריא)
	לא שווה · הוכרעה	גָּדַש אֶת הַסְּאָה	וריאנט כמעט זהה ("הגדיש את הסאה") מופיע ממש בעמודת המשפחה בחדש.	הגדיש את הסאה	2	הפריז והרחיק לכת עד שעבר את גבול הנסבל	🟢 נקי	ויקיטקסט · נחלת הכלל (טקסט מקורי)
	לא שווה · הוכרעה	הִטְלִיא	נגזרת שקופה של "טלאי" הקיים בחדש — מי שמכיר "טלאי" מבין את הפועל "לתקן בטלאי".	טלאי	2	תיקן קרע בבגד על ידי טלאי	🟢 נקי	ויקינתונים (CC0)
	לא שווה · הוכרעה	מוּמָר	נגזרת שמנית שקופה של "המיר" הקיים, המוגדר בחדש עם אותה דוגמה בדיוק ("המיר את דתו").	המיר	2	מי שהמיר את דתו	🟢 נקי	ויקינתונים (CC0)
	לא שווה · הוכרעה	מְטֻלָּא	נגזרת שקופה של "טלאי" הקיים בחדש — מי שמכיר "טלאי" מבין תואר "מתוקן בטלאי".	טלאי	2	מתוקן בטלאי, שניתן עליו טלאי במקום הקרע	🟢 נקי	נחלת הכלל / CC0 (לפי ספריא)
	לא שווה · הוכרעה	קָפַץ אֶת יָדוֹ	וריאנט כמעט זהה ("קפץ ידו") מופיע ממש בעמודת המשפחה בחדש.	קפץ ידו	2	סרב לתת	🟢 נקי	נחלת הכלל / CC0 (לפי ספריא)
	לא שווה · הוכרעה	שָׁלַט בְּרוּחוֹ	"משל ברוחו" הקרוב הוא אותו ניב ממש באותה משמעות בדיוק ("ריסן את עצמו"), רק עם פועל נרדף (משל/שלט).	משל ברוחו	2	ריסן את עצמו, התאפק	🟢 נקי	ויקיטקסט · נחלת הכלל (טקסט מקורי)
	לא שווה · הוכרעה	תּוֹחֶלֶת חַיִים	ביטוי שכיח ומוכר לכל ("תוחלת חיים" בהקשר בריאותי-ביטוחי), ו"תוחלת" עצמה כבר מופיעה בחדש.	תוחלת / שכיחות גבוהה מדי	2	משך הזמן שאדם (או מכשיר או ארגון) צפויים להתקיים	🟢 נקי	נחלת הכלל / CC0 (לפי ספריא)
	לא שווה · הוכרעה	אוֹבְּיֶקְטִיבִי	מונח יסודי הנלמד בגיל צעיר (אובייקטיבי מול סובייקטיבי), מוכר לכל תלמיד תיכון.	שכיחות גבוהה מדי	3	ענייני, שאינו מושפע מדעות או העדפות אישיות	🟢 נקי	ויקינתונים (CC0)
	לא שווה · הוכרעה	הוֹגִיעַ	זהה ל"יגע" הקיים (עייף) בתוספת בניין הפעיל שקוף (עייף מישהו)	יגע (+ הפעיל שקוף)	3	עייף	🟢 נקי	ויקינתונים (CC0)
	לא שווה · הוכרעה	הִזְלִיף	זהה במשמעות ל"הזה" הקיים (התזת טיפות נוזל); גם "זלף" כבר במשפחת החדש	הזה	3	התיז נוזל, טפטף	🟢 נקי	ויקינתונים (CC0)
	לא שווה · הוכרעה	הִתְקַנֵּא	שכיחה מדי - "קנא/מקנא" מילה בסיסית שכל תלמיד מכיר	שכיחות יתר	3	התחיל לקנא	🟢 נקי	ויקינתונים (CC0)
	לא שווה · הוכרעה	כִּיכָּר	המשמעויות העיקריות (כיכר-רחבה, כיכר-לחם) שכיחות מדי ומוכרות לכל תלמיד; רק המשמעות הארכאית (יחידת משקל) לא שכיחה אך משנית וטריוויאלית	שכיחות יתר	3	רחבה ציבורית או מעגל תנועה; לחם עגול שלם; יחידת משקל עתיקה; מישור נרחב (___ הירדן)	🟢 נקי	ויקינתונים (CC0)
	לא שווה · הוכרעה	כְּלִימָה	"חרפה" כבר בחדש עם משמעות זהה (בושה/קלון); כלימה כמעט נרדפת מוחלטת	חרפה	3	בושה	🟢 נקי	ויקינתונים (CC0)
	לא שווה · הוכרעה	מַחֲלוֹקֶת	שכיחה מדי - "מחלוקת" מילה בסיסית שגורה בשימוש יומיומי	שכיחות יתר	3	מריבה, חילוקי דעות	🟢 נקי	ויקינתונים (CC0)
	לא שווה · הוכרעה	מַטְפֶּה	אובייקט יומיומי ומוכר (מטף כיבוי אש) - שכיח מדי ולא מונח מבחן טיפוסי	שכיחות יתר / מונח קונקרטי מוכר	3	מיכל לכיבוי אש, מַטָף	🟢 נקי	ויקינתונים (CC0)
	לא שווה · הוכרעה	מְיוֹעָר	נגזרת שקופה מ"יער" (מילה בסיסית) בתבנית שגורה (מ+שם עצם=מכוסה ב-); "מנמר" התאמה שגויה	יער (נגזרת שקופה)	3	מכוסה יער	🟢 נקי	ויקיטקסט · נחלת הכלל (טקסט מקורי)
	לא שווה · הוכרעה	מַקְצֵרָה	מונח טכני-חקלאי צר (מכונת קצירה) - טרמינולוגיה מקצועית ולא מילת מבחן כללית	מונח מקצועי צר	3	מכונה חקלאית המשמשת לקצירת יבולי דגנים	🟢 נקי	נחלת הכלל / CC0 (לפי ספריא)
	לא שווה · הוכרעה	מַתְבֵּן	נגזרת שקופה מ"תבן" (מקום אחסון תבן); גם "אסם" כבר מכסה מושג קרוב מאוד (מחסן תבואה)	אסם / תבן (נגזרת שקופה)	3	מחסן תבן, אסם	🟢 נקי	ויקינתונים (CC0)
	לא שווה · הוכרעה	נִלְאֶה	כמעט זהה במשמעות ל"יגע" הקיים (עייף, תשוש) - נרדף מובהק	יגע	3	עייף, תשוש	🟢 נקי	ויקינתונים (CC0)
	לא שווה · הוכרעה	נְמוּך רוּחַ	זהה במשמעות ל"ענו" הקיים (צנוע, עניו) - נרדף מובהק	ענו	3	צנוע, עניו	🟢 נקי	נחלת הכלל / CC0 (לפי ספריא)
	לא שווה · הוכרעה	נָצַר אֶת לְשׁוֹנוֹ / פִּיו	הניב הזהה כמעט מילה במילה ("נצר לשונו") כבר קיים בחדש (במשפחה); וריאנט של אותו ביטוי	נצר לשונו (כבר בחדש)	3	השתתק, לא הוציא הגה	🟢 נקי	נחלת הכלל / CC0 (לפי ספריא)
	לא שווה · הוכרעה	עִישֵּׂב	נגזרת שקופה ומיידית מ"עשבים שוטים" הקיים בחדש (עישב = הסיר עשבים שוטים)	עשבים שוטים	3	עקר מן האדמה צמחי בר מזיקים שגדלו בין הגידולים	🟢 נקי	ויקינתונים (CC0)
	לא שווה · הוכרעה	עֲקַלְקָל	זהה במשמעות ובשורש ל"עקלתון" הקיים (מפותל, לא ישר) - נרדף מובהק מאותו שורש	עקלתון	3	שאינו ישר, מפותל	🟢 נקי	ויקינתונים (CC0)
	לא שווה · הוכרעה	קוֹצֶר רוּחַ	נגזרת שקופה מהניב "קצרה רוחו" הקיים בחדש - קוצר רוח הוא שם העצם של אותו ביטוי בדיוק	קצרה רוחו	3	חוסר (קצר ב) סבלנות; (גם: קצר רוח)	🟢 נקי	נחלת הכלל / CC0 (לפי ספריא)
	לא שווה · הוכרעה	קִנְטֵר	אותו שורש ואותה משמעות בדיוק כמו "הקניט" הקיים (הרגיז בעקיצות) - שתי בניינים לאותו פועל	הקניט	3	לגלג, הרגיז	🟢 נקי	ויקינתונים (CC0)
	לא שווה · הוכרעה	תִּיעוּב	אותו שורש ומשמעות קרובה מאוד ל"נתעב" הקיים - שם התחושה לעומת שם התואר של אותו שורש, קשר שקוף	נתעב	3	סלידה, מאיסה	🟢 נקי	ויקינתונים (CC0)
	לא שווה · הוכרעה	תִּפְרַחַת	מונח בוטני-מקצועי צר (תפרחת=אשכול פרחים) - טרמינולוגיה מדעית ספציפית, לא מילת מבחן כללית	מונח מקצועי צר	3	מספר פרחים המחוברים יחדיו לאותו הגבעול, אשכול	🟢 נקי	ויקינתונים (CC0)
	לא שווה · הוכרעה	אֵיכָה?	וריאנט ארכאי-שירי של המילה הבסיסית "איך" (מילת שאלה יומיומית) - אינה מילת מבחן אמיתית	איך (וריאנט ארכאי)	4	איך? הכיצד?	🟢 נקי	טקסט קלאסי (נחלת הכלל, לפי אופי החיבור)
	לא שווה · הוכרעה	הַדְלִיף	הרחבה מטאפורית שקופה מ"דלף" (דליפת מים) הקיים במשפחה - אותה מטאפורה כמו באנגלית "leak", מיידית לניחוש	דלף (הרחבה מטאפורית שקופה)	4	גילה למישהו דבר שהיה אמור להישאר חסוי	🟢 נקי	ויקינתונים (CC0)
	לא שווה · הוכרעה	הִקָּווּת	אותו שורש ומשמעות זהה ל"נקווה" הקיים (התכנסות מים במקום) - שם הפעולה של אותו תיאור בדיוק	נקווה	4	היאספות של מים במקום מסוים (מקווה מים)	🟢 נקי	נחלת הכלל / CC0 (לפי ספריא)
	לא שווה · הוכרעה	הִסְבִּיר פָּנִים	הניב הזהה כמעט לחלוטין ("הסביר לו פנים") כבר קיים בחדש (במשפחה) - וריאנט תחבירי; "זעוף" אף הפוך במשמעות	הסביר לו פנים (וריאנט)	4	האיר פנים, התנהג בצורה נחמדה	🟢 נקי	נחלת הכלל / CC0 (לפי ספריא)
	לא שווה · הוכרעה	הִקְשָה אֶת לִיבּוֹ / עָרְפּוֹ	הניב זהה כמעט לחלוטין לניב "הקשה ערפו" הקיים בחדש (אותה הגדרה כמעט מילה במילה) - וריאנט	הקשה ערפו (וריאנט זהה)	4	התעקש, לא וויתר, המשיך לסרב	🟢 נקי	נחלת הכלל / CC0 (לפי ספריא)
	לא שווה · הוכרעה	חִיבּוּץ	נגזרת שקופה של אותו מושג כמו "מחבצה" הקיימת (הכלי) - חיבוץ הוא הפעולה שנעשית בו; קשר ישיר ומיידי	מחבצה	4	תהליך הכנת חמאה מחלב או משמנת על ידי בחישה וטלטול	🟢 נקי	ויקיטקסט · נחלת הכלל (טקסט מקורי)
	לא שווה · הוכרעה	חֶנְוָנִי	שכיחה יחסית - "חנווני" נגזר ישירות מ"חנות" (מילה בסיסית) ומוכר לרוב הציבור; "אנין" התאמה שגויה בכל מקרה	שכיחות יתר	4	בעל מכולת	🟢 נקי	ויקינתונים (CC0)
	לא שווה · הוכרעה	טַרְחָן	נגזרת שקופה מ"טרח" (השורש, במשפחת החדש) בתבנית שם-פועל רגילה (טרח→טרחן, כמו שקרן/רכלן); "התקשט בנוצות זרים" אינו קשור כלל	טרח (נגזרת שקופה)	4	טרדן, נודניק, אדם שמטריח אחרים	🟢 נקי	ויקינתונים (CC0)
	לא שווה · הוכרעה	יָרֵא	אותו שורש בדיוק כמו "מורא" הקיים במשפחה - ירא הוא הצורה התיאורית (מפחד) לעומת מורא (הפחד עצמו); קשר ישיר ושקוף	מורא (אותו שורש, נגזרת ישירה)	4	פוחד, מבועת	🟢 נקי	ויקינתונים (CC0)
	לא שווה · הוכרעה	כְרוֹנוֹלוֹגִי	מילה בינלאומית שאולה (יוונית), מוכרת ושקופה למרבית הציבור מהאנגלית/מהחינוך הכללי; שכיחה מדי כמילת מבחן	שכיחות יתר / מילה בינלאומית שקופה	4	ערוך בסדר זמנים עוקב	🟢 נקי	ויקינתונים (CC0)
	לא שווה · הוכרעה	כִּתֵּת אֶת רַגְלָיו	הניב הזהה כמעט לחלוטין ("כתת רגליו") כבר קיים בחדש (במשפחה) - וריאנט תחבירי (עם/בלי "את")	כתת רגליו (וריאנט זהה)	4	הלך הרבה	🟢 נקי	נחלת הכלל / CC0 (לפי ספריא)
	לא שווה · הוכרעה	לַהַב	שכיחה יחסית - "להב" (סכין/חרב) מילה קונקרטית מוכרת לרוב הציבור; "אבחה" עוסקת בתנועת חיתוך ולא באובייקט הפיזי, אך זה משני לשכיחות המילה	שכיחות יתר	4	החלק החד של כלי חיתוך, סכין, פגיון, חרב	🟢 נקי	ויקינתונים (CC0)
	לא שווה · הוכרעה	מַעֲטֶה	נגזרת שקופה של "עטה" (לבש/כיסה) שכבר בחדש; מי שיודע "עטה" מבין ש"מעטה" הוא כיסוי.	עטה	4	כיסוי, כְּסוּת, מעטֶפֶת	🟢 נקי	ויקינתונים (CC0)
	לא שווה · הוכרעה	מְפַעְפֵּעַ	צורת בינוני של אותו הפועל "פעפע" שכבר בחדש — אותו מובן בדיוק, נטייה שונה בלבד.	פעפע	4	מחלחל, חודר; מעלה בועות, משמיע רחש של מים רותחים, מבעבע	🟢 נקי	נחלת הכלל / CC0 (לפי ספריא)
	לא שווה · הוכרעה	מַקְרֵן	שכיחה מדי — "מקרן" ככלי הקרנה מוכר לכל תלמיד תיכון.	שכיחה מדי, מילה בסיסית	4	מכשיר המטיל תמונות או שקופיות על מסך או קיר; גוף חימום המקרין חום, רדיאטור	🟢 נקי	ויקינתונים (CC0)
	לא שווה · הוכרעה	מִשְׁתָּלָה	שכיחה מדי — "משתלה" כמקום גידול שתילים מוכרת לכל אדם.	שכיחה מדי, מילה בסיסית	4	מקום בו מגדלים ומוכרים שתילים	🟢 נקי	ויקינתונים (CC0)
	לא שווה · הוכרעה	נַיָּח	שכיחה מדי — מוכרת היטב מ"טלפון נייח" בשימוש יומיומי; גם ה"קרוב בחדש" (נוד) בעל מובן כמעט הפוך ולא רלוונטי.	שכיחה מדי, מילה בסיסית	4	קבוע, מקובע, שאינו נייד, לא ניתן להזיזו ממקום למקום	🟢 נקי	ויקינתונים (CC0)
	לא שווה · הוכרעה	נִקְלֶה	אותה משמעות בדיוק (אדם בזוי וחסר ערך) כמו "חדל אישים" — ההגדרות כמעט זהות מילה במילה.	חדל אישים	4	בזוי, נחות, בעל ערך נמוך	🟢 נקי	ויקינתונים (CC0)
	לא שווה · הוכרעה	סוֹאֵן	"הומה" מוגדר גם הוא במפורש כ"רועש, סואן" — אותה משמעות בדיוק, לא רק חפיפה.	הומה	4	רועש	🟢 נקי	ויקינתונים (CC0)
	לא שווה · הוכרעה	סִמְטָה	שכיחה מדי — מילה בסיסית ומוכרת לכל תלמיד תיכון.	שכיחה מדי, מילה בסיסית	4	רחוב צדדי וצר	🟢 נקי	ויקינתונים (CC0)
	לא שווה · הוכרעה	סַף	שכיחה מדי — מילה בסיסית בשימוש נרחב ("סף העוני", "על סף מלחמה").	שכיחה מדי, מילה בסיסית	4	האדן התחתון של פתח, שעליו פוסעים בכניסה; הערך הנמוך ביותר שממנו מתחילה תופעה	🟢 נקי	ויקינתונים (CC0)
	לא שווה · הוכרעה	פִּסְגָּה	שכיחה מדי — מילה בסיסית ("פסגת ההר", "פסגת קריירה").	שכיחה מדי, מילה בסיסית	4	החלק הגבוה ביותר בהר	🟢 נקי	ויקינתונים (CC0)
	לא שווה · הוכרעה	פְּרִימָה	נגזרת ישירה של "פרם" שכבר בחדש, אותו מובן בדיוק של התרה/פירוק תפרים.	פרם	4	התרת קשרים	🟢 נקי	ויקינתונים (CC0)
	לא שווה · הוכרעה	רִיק	שכיחה מדי — מילה בסיסית ("ריק"=ריק, מוכרת לכל ילד).	שכיחה מדי, מילה בסיסית	4	וָואקוּם, אֶפֶס	🟢 נקי	ויקינתונים (CC0)
	לא שווה · הוכרעה	רָתַח	שכיחה מדי — פועל בסיסי ומוכר ("מים רתחו", "רתח מזעם"); לא בגלל כפילות עם "חמה" אלא בגלל שכיחות.	שכיחה מדי, מילה בסיסית	4	כעס מאוד	🟢 נקי	ויקינתונים (CC0)
	לא שווה · הוכרעה	שְׁבִיתַת נֶשֶׁק	שכיחה מדי — ביטוי חדשותי נפוץ ביותר בישראל, מוכר לכל.	שכיחה מדי, ביטוי חדשותי נפוץ	4	הפסקת אש, הפסקה מוסכמת של כל פעולות הלחימה	🟢 נקי	ויקינתונים (CC0)
	לא שווה · הוכרעה	אֵין-אוֹנִים	אותה משמעות בדיוק כמו "אזלת יד" — שתי ההגדרות כמעט זהות ("חוסר אונים/חולשה מוחלטת").	אזלת יד	5	אי יכולת להתמודד, חולשה מוחלטת	🟢 נקי	נחלת הכלל / CC0 (לפי ספריא)
	לא שווה · הוכרעה	אַסְקופָּה	אותו מובן בדיוק (סף הדלת) כמו "מפתן" — חפיפה של 100%.	מפתן	5	סף	🟢 נקי	ויקינתונים (CC0)
	לא שווה · הוכרעה	אַסְקופָּה הַנִּדְרֶסֶת	וריאנט כתיב של אותו ביטוי שכבר בחדש ("אסקפה נדרסת"), אותה משמעות בדיוק ("אדם מושפל שכולם מתעמרים בו").	אסקפה נדרסת	5	כינוי לאדם שכולם מתעמרים בו, אדם חלש אופי	🟢 נקי	נחלת הכלל / CC0 (לפי ספריא)
	לא שווה · הוכרעה	אָתֵאִיסְט	שכיחה מדי — מילה בינלאומית מוכרת לכל תלמיד תיכון.	שכיחה מדי, מילה בינלאומית מוכרת	5	אדם השולל את קיומם של אלים ושל כל כוח אלוהי	🟢 נקי	ויקינתונים (CC0)
	לא שווה · הוכרעה	בֶּן-כִּלְאַיִים	אותה משמעות בדיוק כמו "כלאים" — המילה החדשה עצמה מדגימה "יצור כלאיים" באותו מובן.	כלאים	5	צמח או חיה שנוצרו מזיווג שני מינים שונים; היברידי	🟢 נקי	ויקיטקסט · נחלת הכלל (טקסט מקורי)
	לא שווה · הוכרעה	דְּבָרִים בְּעָלְמָא	"בעלמא" כבר בחדש באותה משמעות בדיוק ("סתם, בלי כוונה מיוחדת"); הביטוי רק מוסיף "דברים".	בעלמא	5	דברים סתמיים, ללא כוונה מיוחדת	🟢 נקי	נחלת הכלל / CC0 (לפי ספריא)
	לא שווה · הוכרעה	הוֹלֵך עַל קֶרַח דַּק	שכיח מדי — ביטוי מוכר ונפוץ בעברית מודרנית (מקביל ל"walking on thin ice").	שכיח מדי, ביטוי מוכר	5	נמצא במצב קשה ומסוכן תחת נסיבות שאינן לחלוטין בשליטתו	🟢 נקי	נחלת הכלל / CC0 (לפי ספריא)
	לא שווה · הוכרעה	הָלַך עַל חֶבֶל דַּק	שכיח מדי — ביטוי מוכר ("הליכה על חבל דק") כמקביל ל"תיל דק" — נפוץ בשיח.	שכיח מדי, ביטוי מוכר	5	מצוי במצב שבו כל טעות קטנה יכולה להסב לו נזק	🟢 נקי	נחלת הכלל / CC0 (לפי ספריא)
	לא שווה · הוכרעה	ווּלְגָרִי	שכיחה מדי — מילה בינלאומית נפוצה בשימוש יומיומי.	שכיחה מדי, מילה בינלאומית מוכרת	5	המוני, גס, פשוט ביותר	🟢 נקי	ויקינתונים (CC0)
	לא שווה · הוכרעה	כָּאוֹטי	אותה משמעות בעיקרה (מצב אי-סדר) כמו "ערבוביה".	ערבוביה	5	במצב של אי סדר	🟢 נקי	ויקינתונים (CC0)
	לא שווה · הוכרעה	כָּאוֹס	ההגדרה הישנה עצמה משתמשת במילה "ערבוביה" כפירוש — אותה משמעות בדיוק כמו ב"כאוטי", גם אם הסקריפט לא זיהה זאת.	ערבוביה	5	ערבוביה, תוהו ובוהו	🟢 נקי	ויקינתונים (CC0)
	לא שווה · הוכרעה	כָּפִיס	אותו מובן בעיקרו (קורת עץ תומכת) כמו "קורה" — חפיפה גבוהה על מושג פיזי קונקרטי, לא ניואנס נבדל.	קורה	5	קרש, קורת עץ	🟢 נקי	ויקינתונים (CC0)
	לא שווה · הוכרעה	לוֹיָאלִי	שכיחה מדי — מילה בינלאומית מוכרת ("לויאלי" בשימוש נרחב, במקום "נאמן").	שכיחה מדי, מילה בינלאומית מוכרת	5	נאמן, שומר אמונים	🟢 נקי	ויקינתונים (CC0)
	לא שווה · הוכרעה	פַּרְגּוֹל	אותו מובן בדיוק (שוט) כמו "מגלב" — חפיפה של 100%, שני כינויים לאותו חפץ.	מגלב	5	שוט	🟢 נקי	ויקינתונים (CC0)
	לא שווה · הוכרעה	פְּרֶמְיֵירָה	המשמעות (הופעה ראשונה) זהה בדיוק להגדרת "בכורה" שכבר בחדש	בכורה	5	הצגת הבכורה, ההופעה הראשונה	🟢 נקי	ויקינתונים (CC0)
	לא שווה · הוכרעה	אַמְבָּר	אמבר הוא כמעט מילה נרדפת מדויקת ל"אסם" שכבר בחדש (שתיהן "מחסן תבואה", וההגדרות זהות מילולית)	אסם	6	אסם, מחסן תבואה	🟢 נקי	נחלת הכלל / CC0 (לפי ספריא)
	לא שווה · הוכרעה	בְּשׂוֹרָה	מילה שכיחה מדי (כל תלמיד תיכון מכיר), וגם נגזרת שקופה של "התבשר" שכבר בחדש	התבשר	6	ידיעה חשובה	🟢 נקי	ויקינתונים (CC0)
	לא שווה · הוכרעה	דִּיאָלוֹג	מילה שכיחה ושקופה מדי, זהה לאנגלית "dialogue", כל תלמיד תיכון מכיר		6	דו שיח	🟢 נקי	ויקינתונים (CC0)
	לא שווה · הוכרעה	הוֹלֵךְ בָּטֵל	משמעות זהה (בטלן חסר מעש) לניב "יושב קרנות" שכבר בחדש	יושב קרנות	6	בטלן	🟢 נקי	נחלת הכלל / CC0 (לפי ספריא)
	לא שווה · הוכרעה	חָרֵד	מילה בסיסית ושכיחה מדי (מ"חרדה"), כל תלמיד תיכון מכיר		6	מפחד, מבוהל, מזועזע	🟢 נקי	ויקינתונים (CC0)
	לא שווה · הוכרעה	טַפְסָן	מונח מקצועי צר (בעל מקצוע בענף הבניין)		6	פועל בניין מומחה בהתקנת תבניות ליציקת בטון	🟢 נקי	ויקינתונים (CC0)
	לא שווה · הוכרעה	לוֹקָלִי	מילה לועזית שקופה ושכיחה מדי, זהה לאנגלית "local"		6	מקומי (local), אזורי	🟢 נקי	ויקינתונים (CC0)
	לא שווה · הוכרעה	מוֹנוֹלוֹג	מילה בסיסית ושקופה, זהה לאנגלית "monologue", כל תלמיד תיכון מכיר		6	נאום, שיח יחיד	🟢 נקי	ויקינתונים (CC0)
	לא שווה · הוכרעה	מֶלוֹדִי	מילה שכיחה ושקופה מדי, זהה לאנגלית "melody/melodic"		6	בעל מנגינה נעימה	🟢 נקי	ויקינתונים (CC0)
	לא שווה · הוכרעה	נִמְלַך בְּדַעֲתוֹ	משמעות זהה בדיוק (שינה דעתו, חזר בו) ל"נמלך" שכבר בחדש — נגזרת שקופה של אותה מילה	נמלך	6	חשב והתלבט לגבי סוגיה כלשהי; שינה את דעתו, התחרט	🟢 נקי	נחלת הכלל / CC0 (לפי ספריא)
	לא שווה · הוכרעה	עַפְרוֹת זָהָב	נגזרת שקופה: "עפרה" (עפרת מתכת) כבר בחדש, וצירוף עם "זהב" ניתן להבנה בקלות	עפרה	6	שכבות של אדמה המכילה זהב	🟢 נקי	נחלת הכלל / CC0 (לפי ספריא)
	לא שווה · הוכרעה	עַרְדָלַיים	צורת רבים/זוגי של "ערדל" שכבר בחדש — אותה מילה בדיוק	ערדל	6	נעליים שנועלים על נעליים כדי שלא יירטבו	🟢 נקי	ויקיטקסט · נחלת הכלל (טקסט מקורי)
	לא שווה · הוכרעה	פָּלוּש	נרדף מדויק ל"פרוזדור" שכבר בחדש — אותה משמעות בדיוק (מסדרון)	פרוזדור	6	פרוזדור, מסדרון	🟢 נקי	ויקינתונים (CC0)
	לא שווה · הוכרעה	פַרְהֶסְיָה	וריאנט (ללא תחילית) של "בפרהסיה" שכבר בחדש, עם אותה הגדרה בדיוק	בפרהסיה	6	לעיני כל, בפומבי	🟢 נקי	ויקינתונים (CC0)
	לא שווה · הוכרעה	קְדִימוֹן	מילה שכיחה מדי — המילה הרגילה לטריילר קולנועי, כל תלמיד תיכון מכיר		6	פרומו	🟢 נקי	ויקינתונים (CC0)
	לא שווה · הוכרעה	אִינְטֶגְרָלִי	מילה לועזית שכיחה ושקופה, זהה לאנגלית "integral"; הביטוי "חלק אינטגרלי" נפוץ מאוד		7	חלק חיוני ובלתי נפרד, שאי-אפשר בלעדיו; שלם, שכל חלקיו נמצאים	🟢 נקי	ויקינתונים (CC0)
	לא שווה · הוכרעה	דָּגָן	מילה בסיסית ושכיחה מדי (מוכרת מ"דגנים" במזון), כל תלמיד תיכון מכיר		7	כל תבואת השדה	🟢 נקי	ויקינתונים (CC0)
	לא שווה · הוכרעה	דוּאָלִי	מילה לועזית שכיחה ושקופה מדי, זהה לאנגלית "dual"		7	בעל שני צדדים	🟢 נקי	ויקינתונים (CC0)
	לא שווה · הוכרעה	זוּטָא	משמעות זהה ל"פעוט" שכבר בחדש — "פעוט" אף מופיע כמילה נרדפת בהגדרה המקורית של זוטא עצמה	פעוט	7	קטן מאוד, זעיר, פעוט, שולי	🟢 נקי	ויקינתונים (CC0)
	לא שווה · הוכרעה	זָח	נרדף מדויק ל"זע" שכבר בחדש (שתי המילים אף מופיעות יחד כצמד ניגודים "לא זע ולא נע")	זע	7	זז, זע, נע	🟢 נקי	נחלת הכלל / CC0 (לפי ספריא)
	לא שווה · הוכרעה	מַנְפֵּטָה	מונח טכני צר מדי — מכונה חקלאית ספציפית להפרדת סיבי כותנה, טריוויה		7	מכונה מיוחדת המשמשת להפרדת סיבי הכותנה מהזרעים	🟢 נקי	ויקינתונים (CC0)
	לא שווה · הוכרעה	מִשְׁוֶרֶת	מונח מקצועי-טכני צר (חלק בציוד רכיבה/אוכף), לא אוצר מילים ספרותי-כללי	מונח מקצועי צר/טריוויה, לא נפסל בגלל כיסוי בחדש	7	טבעת לרגל בצד האוכף	🟢 נקי	נחלת הכלל / CC0 (לפי ספריא)
	לא שווה · הוכרעה	נִבְעָר	אותה משמעות בדיוק ("חסר השכלה") כבר מכוסה במילה בור	בור	7	בּוּר, חסר השכלה	🟢 נקי	ויקינתונים (CC0)
	לא שווה · הוכרעה	סְתַגְּלָן	נגזרת שקופה של הסתגל (כבר בחדש) בתבנית שם-פועל רגילה (כמו ותרן)	הסתגל	7	מי שמתאים עצמו בקלות למצבים חדשים, אדפטיבי	🟢 נקי	ויקינתונים (CC0)
	לא שווה · הוכרעה	פּוּרְתָּא	אותה משמעות בדיוק ("מעט, קצת") כבר מכוסה במילה קמעה	קמעה	7	מעט, קצת (נחמה ___ - נחמה מועטה)	🟢 נקי	נחלת הכלל / CC0 (לפי ספריא)
	לא שווה · הוכרעה	קְבָסְתָּן	נגזרת שקופה של קבס (בחילה וגועל, כבר בחדש) בתבנית שם-אדם רגילה	קבס	7	טרחן, מישהו שמעורר בחילה וגועל	🟢 נקי	נחלת הכלל / CC0 (לפי ספריא)
	לא שווה · הוכרעה	תְּמוּרָה	שכיחה מאוד ("בתמורה ל..."), כל תלמיד תיכון מכיר; גם נגזרת קרובה ל-המיר שכבר בחדש	שכיחות גבוהה + נגזרת מ-המיר	7	מה שנותנים או מקבלים בעד דבר אחר, שכר או פיצוי; החלפה של דבר בדבר; שינוי בצורה או במצב	🟢 נקי	ויקינתונים (CC0)
	לא שווה · הוכרעה	תַּמְלִיל	מילה שכיחה בהקשר מוזיקה/כתוביות (תמלילן, תמלול), מוכרת היטב	שכיחות גבוהה מדי	7	טקסט	🟢 נקי	ויקינתונים (CC0)
	לא שווה · הוכרעה	תִּעֵל	שכיחה בעברית מנהלית-תקשורתית (תיעול משאבים/כספים), מוכרת	שכיחות גבוהה בהקשר תקשורתי-מנהלי	7	הפנה לאפיק מסוים, כיוון, ניתב; חפר תעלות לניקוז או השקיה	🟢 נקי	ויקינתונים (CC0)
	לא שווה · הוכרעה	תַּשׁ	ביטוי יומיומי שכיח מאוד ("אני תש")	שכיחות גבוהה מדי (לשון דיבור)	7	הפך לחלש, התעייף	🟢 נקי	ויקינתונים (CC0)
	לא שווה · הוכרעה	אֶבֶן פִּינָּה	ניב שכיח מאוד, מוכר לכל דובר עברית	שכיחות גבוהה מדי	8	דבר יסודי, עיקרי; אבן שמניחים ביסוד בניין חדש	🟢 נקי	נחלת הכלל / CC0 (לפי ספריא)
	לא שווה · הוכרעה	אֶבֶן שָׂפָה	מונח בנייה טכני-צר (אבן שוליים בכביש), טריוויה	מונח טכני צר (בנייה)	8	האבנים שבשולי הכביש, תחילת המדרכה	🟢 נקי	נחלת הכלל / CC0 (לפי ספריא)
	לא שווה · הוכרעה	אֲרוֹמָה	מילה שאולה שכיחה בהקשר קפה/יין/בישול; גם קרובה במשמעות לנדף	שכיחות גבוהה + קרוב ל-נדף	8	ניחוח, ריח קל	🟢 נקי	ויקינתונים (CC0)
	לא שווה · הוכרעה	בַּד	המשמעות השכיחה ביותר (אריג/בד) בסיסית וידועה לכל ילד	שכיחות גבוהה מדי (אריג)	8	אריג טקסטיל; מסך הקרנה; ענף עבה; קורת עץ לסחיטת זיתים	🟢 נקי	ויקינתונים (CC0)
	לא שווה · הוכרעה	גָּלְמִי / גּוֹלְמִי	ביטוי שכיח מאוד ("חומר גלמי") במסחר/כלכלה/בישול	שכיחות גבוהה מדי	8	במצבו הטבעי לפני שעבר עיבוד, ראשוני; ברוטו	🟢 נקי	ויקינתונים (CC0)
	לא שווה · הוכרעה	הִתְגַּלֵּעַ רִיב	צירוף שקוף של התגלע (כבר בחדש, "פרץ/אירע") ועם מילה בסיסית ריב	התגלע + ריב (מילה בסיסית)	8	הסתכסכו, התקוטטו, התעמתו	🟢 נקי	נחלת הכלל / CC0 (לפי ספריא)
	לא שווה · הוכרעה	טְרַנְסְפוֹרְמַצְיָה	מילה שאולה שכיחה מאוד בעברית עכשווית (עסקים, פיתוח אישי)	שכיחות גבוהה מדי (מילה שאולה נפוצה)	8	שינוי צורה, שינוי תכונות	🟢 נקי	ויקינתונים (CC0)
	לא שווה · הוכרעה	מַחַט	מילה בסיסית ושכיחה ביותר (מחט תפירה/זריקה), מוכרת לכל ילד	שכיחות גבוהה מדי	8	חפץ מתכת ארוך ודק בעל חוד, לתפירה, לדיקור או להחדרת תרופה לגוף; עלה ארוך וצר של אורן או ברוש	🟢 נקי	ויקינתונים (CC0)
	לא שווה · הוכרעה	מִקַּדְמַת דְּנָא	אותה משמעות בדיוק ("מאז ומעולם") כבר מכוסה במימים ימימה	מימים ימימה	8	מאז ומעולם, מאז ומתמיד	🟢 נקי	טקסט קלאסי (נחלת הכלל, לפי אופי החיבור)
	לא שווה · הוכרעה	נִדְרַשׁ	אותה משמעות ("עסק בעניין שוב ושוב") כבר מכוסה בניב דש בעניין	דש	8	עסק בעניין מסוים	🟢 נקי	ויקינתונים (CC0)
	לא שווה · הוכרעה	נִעֵר (אֶת) חָצְנוֹ מ-	אותו ניסוח בדיוק ("התנער מאחריות") כבר מופיע כהגדרת התנער בחדש	התנער	8	התנער מאחריות, התנער מהקשר אליו (חצנו = שולי הבגד)	🟢 נקי	נחלת הכלל / CC0 (לפי ספריא)
	לא שווה · הוכרעה	נַפְשׁוֹ יָצְאָה	אותה משמעות בדיוק ("רצה מאוד, השתוקק") כבר מכוסה במילה חפץ	חפץ	8	רצה מאוד, השתוקק	🟢 נקי	נחלת הכלל / CC0 (לפי ספריא)
	לא שווה · הוכרעה	סְפּוֹנְטָנִי	מילה שאולה שכיחה ביותר בעברית מדוברת	שכיחות גבוהה מדי (מילה שאולה)	8	ללא תכנון	🟢 נקי	ויקינתונים (CC0)
	לא שווה · הוכרעה	קִטּוּב	מונח שכיח מאוד בשיח תקשורתי-פוליטי ("קיטוב פוליטי")	שכיחות גבוהה מדי (שיח תקשורתי-פוליטי)	8	ניגוד	🟢 נקי	ויקינתונים (CC0)
	לא שווה · הוכרעה	רֶפוֹרְמָה	מילה שאולה שכיחה מאוד בשיח פוליטי-תקשורתי; גם קרובה משמעותית לשידוד מערכות	שכיחות גבוהה + קרוב לשידוד מערכות	8	שינוי יסודי ומקיף, תיקון הדברים מיסודם	🟢 נקי	ויקינתונים (CC0)
	לא שווה · הוכרעה	תַּעֲרִיף	מילה שכיחה ביותר בחיי היומיום (חשבונות, תעריפי מונית וכו')	שכיחות גבוהה מדי	8	המחיר שיש לשלם בתמורה לדבר מה, שער	🟢 נקי	ויקינתונים (CC0)
	לא שווה · הוכרעה	אֶבֶן יְסוֹד	ניב שכיח מאוד ("אבני היסוד של..."), וגם קרוב במשמעות לחוט השני (רעיון מרכזי חוזר)	שכיחות גבוהה + קרוב לחוט השני	9	דבר מרכזי במשהו, מרכז הכובד	🟢 נקי	נחלת הכלל / CC0 (לפי ספריא)
	לא שווה · הוכרעה	אַבְּסוּרְדִי	מילה שאולה שכיחה מאוד בעברית מדוברת ("זה אבסורדי")	שכיחות גבוהה מדי (מילה שאולה)	9	חסר הגיון, שטותי, דבר שאינו מתקבל על הדעת	🟢 נקי	ויקינתונים (CC0)
	לא שווה · הוכרעה	אֶתְנַחְתָּא	אותה משמעות בדיוק ("הפסקה") כבר מכוסה בהפוגה	הפוגה	9	הפסקה, פסק זמן	🟢 נקי	ויקינתונים (CC0)
	לא שווה · הוכרעה	בִּיזָארִי	מילה שאולה שכיחה, וקרובה מאוד במשמעות לתמהוני	שכיחות גבוהה + קרוב לתמהוני	9	מוזר, לא נורמאלי	🟢 נקי	ויקיטקסט · נחלת הכלל (טקסט מקורי)
	לא שווה · הוכרעה	בִּכָּה	אותה משמעות בדיוק ("ביכה באבל") כבר מופיעה כהגדרת קונן בחדש	קונן	9	ספד, קונן והתאבל על מת	🟢 נקי	ויקינתונים (CC0)
	לא שווה · הוכרעה	הִתְקִין	מילה שכיחה ביותר בעברית עכשווית (התקנת תוכנה/אפליקציה)	שכיחות גבוהה מדי (טכנולוגיה יומיומית)	9	חיבר והרכיב מכשיר במקומו; הכין וסידר; קבע תקנה	🟢 נקי	ויקינתונים (CC0)
	לא שווה · הוכרעה	טַרְזָנִי	אותה משמעות כמו "מטורזן" (שורה מקבילה) - שניהם מתארים אדם מגונדר/הדור בלבוש, מכוסים ע"י אותו מועמד	גנדרן (מתהדר בלבושו ובמראהו)	9	גנדרני, מתלבש בהידור	🟢 נקי	ויקינתונים (CC0)
	לא שווה · הוכרעה	קַנְקַן זָפוּת	ניב מקביל/זהה במשמעות ל"בור סוד שאינו מאבד טפה" (אותו מקור חז"לי, אותה משמעות)	בור סוד (שאינו מאבד טפה)	9	אדם שאינו שוכח דבר ממה שלמד או שמע	🟢 נקי	נחלת הכלל / CC0 (לפי ספריא)
	לא שווה · הוכרעה	רֵיאָלִי	שכיחה ביותר בעברית מדוברת ("זה לא ריאלי"), מוכרת לכל תלמיד תיכון	-	9	מציאותי, אובייקטיבי; ישים, אפשרי	🟢 נקי	ויקיטקסט · נחלת הכלל (טקסט מקורי)
	לא שווה · הוכרעה	שָׁוְא	הגדרה זהה מילולית ("שקר וכזב") לזו של כחש שכבר בחדש	כחש	9	שקר וכזב (לרוב מופיע בצירופי סמיכות כגון "תלונת שווא")	🟢 נקי	ויקינתונים (CC0)
	לא שווה · הוכרעה	תְּכִיפוּת	נגזרת שקופה של "תכוף" (שכיחה, כנראה כבר בחדש) - מי שיודע תכוף יודע גם תכיפות	תכוף	9	תדירות	🟢 נקי	ויקינתונים (CC0)
	לא שווה · הוכרעה	אַבְקָן	מונח בוטני צר (חלק בפרח) - טריוויה מקצועית, לא אוצר מילים כללי	-	10	חלק בפרח המכיל אבקה המשמשת להפריית פרח	🟢 נקי	ויקינתונים (CC0)
	לא שווה · הוכרעה	אוֹטוֹבִּיוֹגְרַפְיָה	מילה שכיחה ומוכרת לגמרי, כל תלמיד תיכון מכיר	-	10	תולדות אדם הכתובות בידי עצמו	🟢 נקי	ויקינתונים (CC0)
	לא שווה · הוכרעה	אִידֵאָל	שכיחה ומוכרת מאוד (אידיאלי בשימוש שוטף), כל תלמיד תיכון מכיר	-	10	שיא השלמות, דבר שרוצים להשיגו	🟢 נקי	ויקינתונים (CC0)
	לא שווה · הוכרעה	בַּר-חֲלוֹף	משמעות זהה ל"חולף" שכבר בחדש; "בר-" תחילית שקופה נפוצה (כמו בר-קיימא)	חולף	10	זמני וחולף, עראי	🟢 נקי	נחלת הכלל / CC0 (לפי ספריא)
	לא שווה · הוכרעה	דְפוּס	שכיחה ביותר ("דפוס התנהגות/חשיבה"), מוכרת לכל תלמיד תיכון	-	10	תבנית קבועה שחוזרת על עצמה; טכניקה להפקת עותקים רבים של טקסט ותמונה	🟢 נקי	ויקינתונים (CC0)
	לא שווה · הוכרעה	הִלְעִיז	אותה משמעות כמעט מילה במילה ("הכפיש" = השמיץ, פגע בשם טוב)	הכפיש	10	השמיץ, פרסם שקרים הפוגעים בשמו של מישהו	🟢 נקי	ויקינתונים (CC0)
	לא שווה · הוכרעה	חֲוִילָה	וילה/קוטג' - מילה שכיחה ומוכרת מאוד, כל תלמיד תיכון מכיר	-	10	ווילה, קוטג'	🟢 נקי	ויקינתונים (CC0)
	לא שווה · הוכרעה	מוֹעֵד	שכיחה ביותר בעברית יומיומית ("קבע מועד"), מוכרת לכל תלמיד תיכון	-	10	זמן; חג	🟢 נקי	ויקינתונים (CC0)
	לא שווה · הוכרעה	מַחְמָל	הביטוי "מחמל נפשו" עצמו כבר מופיע במפורש במשפחה בחדש	מחמל נפשו	10	דבר המעורר חמלה ואהבה (___ נַפְשׁוֹ = יקירו, אהובו)	🟢 נקי	ויקינתונים (CC0)
	לא שווה · הוכרעה	מְטוּרְזָן	אותה משמעות בעיקרה כמו "גנדרן" (מתהדר בלבושו ובמראהו) שכבר בחדש	גנדרן	10	הדור בלבושו, מגונדר	🟢 נקי	ויקינתונים (CC0)
	לא שווה · הוכרעה	מַשְׂאַת לֵב / נֶפֶש	הביטוי "משאת נפש" (אחד הווריאנטים) כבר קיים במפורש בחדש	משאת נפש	10	שאיפתו ותקוותו של אדם, חלום	🟢 נקי	ויקינתונים (CC0)
	לא שווה · הוכרעה	נִיוּאַנְס	שכיחה ומוכרת ביותר (הבדל דק), מוכרת לכל תלמיד תיכון	-	10	הבדל דק	🟢 נקי	ויקינתונים (CC0)
	לא שווה · הוכרעה	פִּזּוּר דַּעַת / נֶפֶש	וריאנט כמעט זהה לביטוי "פזור נפש" שכבר בחדש (אותה משמעות: חוסר ריכוז)	פזור נפש	10	בלבול, חוסר ריכוז	🟢 נקי	ויקינתונים (CC0)
	לא שווה · הוכרעה	פַּשְׁטָנִי	ההגדרה עצמה כוללת את המילה "רדוד" כפירוש נרדף - אותה משמעות בדיוק	רדוד	10	שטחי ולא מעמיק, רדוד	🟢 נקי	ויקינתונים (CC0)
	לא שווה · הוכרעה	קְרֵי	אותה משמעות בדיוק ("כלומר/דהיינו") כבר מכוסה ע"י דהינו, לפי ההגדרה הנתונה כאן	דהינו	10	דהיינו, כלומר	🟢 נקי	ויקינתונים (CC0)
	לא שווה · הוכרעה	שָנַק / שִנֵק	וריאנט צורני נדיר של "חנק" (שכיחה, ודאי כבר בחדש), אותה משמעות בדיוק	חנק	10	חנק	🟢 נקי	נחלת הכלל / CC0 (לפי ספריא)
	לא שווה · הוכרעה	תֶּקֶר	שכיחה ביותר בשפה היומיומית ("יש לי תקר"), מוכרת לכל תלמיד תיכון; גם שונה מ"קדח" (פועל קידוח מול תוצאת חור בצמיג)	-	10	חור בצמיג הגורם לבריחת האוויר ממנו ולהשבתת הגלגל, פנצ'ר	🟢 נקי	ויקינתונים (CC0)
