יְקִיצָה	נפסל	שם הפעולה הישיר של "הקיץ" (התעורר משנתו) — מי שיודע את הפועל מקבל את שם הפעולה בלי שום צעד נוסף.
כְּסָיָה	חריג	"כסות" היא בגד בכלל, מושג מופשט של לבוש; "כסיה" היא כפפה — פריט קונקרטי ליד. מהשורש אפשר לנחש "כיסוי", לא "כפפה", ולכן זו מילה שצריך ללמוד בנפרד.
לֵאוּת	נפסל	שם הפעולה המדויק של התואר "לאה" (מותש) — אותה משמעות בדיוק, רק בצורת שם עצם.
לַהֲגָן	נפסל	צורת בעל-התכונה של "להג" (פטפוט ריק) בסיומת -ן. מי שיודע מהו להג מנחש מיד מיהו להגן.
נָהִיר	נפסל	המעבר מ"נהרה" (אור בהיר) ל"נהיר" (ברור ומובן) הוא המטפורה השקופה הרגילה בעברית בין אור לבהירות, בדיוק כמו בהיר/מואר.
נִכּוּשׁ	חריג	"הכיש" הוא נשיכת ארס של נחש; "ניכוש" הוא עקירת עשבים מן האדמה. חקלאות מול הכשת נחש — אין שום גשר משמעות בין השניים.
עִרְטֵל	נפסל	אותו פועל בבניין אחר מ"התערטל" — פיעל מול התפעל, חשיפת אחר מול חשיפת עצמו. מי שיודע אחד מבין את השני.
בַּר-מִינָן	נפסל	כפילות ממש של הערך הקיים "בר מינן" — אותה מילה, מקף במקום רווח.
פָּדָה	נפסל	"פדות" היא גאולה ושחרור, ו"פדה" הוא בדיוק הפועל שממנו היא נגזרת — אותה משמעות בשתי צורות.
שִׁיסּוּי	נפסל	שם הפעולה הישיר של "שיסה" — אותה פעולה בדיוק בצורת שם עצם.
בְּרִיּוֹת	חריג	הערך הקיים "ברא" נרשם במשמעות הנדירה של גדיעת עצים ופינוי שטח מיער; "בריות" הן יצורים חיים ובני אדם. מי שלמד "ברא = גדע עצים" לא מקבל מזה שום רמז ליצורים.
יְלוּדָה	חריג	"תולדה" היא תוצאה או השלכה — מושג לוגי-סיבתי מופשט; "ילודה" היא נתון דמוגרפי, מספר התינוקות שנולדו. הידיעה שתולדה היא תוצאה לא מובילה למדד לידות.
כָּלִיל	חריג	"שכלל" הוא לשפר ולהשביח — פעולה על אובייקט; "כליל" הוא תואר הפועל "לגמרי, עד תום". מי שיודע שכלל=שיפר לא מסיק ממנו את משמעות ההשלמה המוחלטת.
קִידָּה	נפסל	הערך הקיים "קד" כבר כולל את הצירוף "קד קידה" בדוגמה שלו — אותה פעולה ממש, פועל ושם הפעולה שלו.
אִיכּוּל	חריג	"מאכלת" היא סכין שחיטה — כלי; "איכול" הוא הרס מתכת מחמצון או בעירה — תהליך כימי. מי שיודע מהי מאכלת לא מגיע מזה לקורוזיה.
גֵּאוּת	נפסל	שם הפעולה של "גאה" (עלה והתרומם), והדוגמה בערך הקיים היא "הנהר גאה" — בדיוק תמונת עליית המפלס.
הִתְוַדֵּעַ	חריג	"דעתן" הוא מי שנחרץ בהשקפותיו ומביע אותן בתקיפות — תכונת אופי; "התוודע" הוא להכיר מישהו או משהו לראשונה — פעולה של יצירת היכרות. שני שימושים רחוקים של השורש בלי גשר ביניהם.
כִּיסוּפִים	נפסל	שם הפעולה של "נכסף" (השתוקק, התגעגע) — אותה משמעות בדיוק בצורת שם עצם.
מַטָף	חריג	"נטף" הוא טפטוף איטי של נוזל; "מטף" הוא מכשיר נייד לכיבוי אש. מי שיודע נטף=טפטף לא מנחש מזה שם של אמצעי בטיחות.
פִּדְיוֹן	חריג	"פדות" היא גאולה ושחרור בהקשר של הצלה; ל"פדיון" יש מובן מסחרי שגור — מחזור ההכנסות של חנות או עסק — שאין שום דרך להסיק אותו מ"גאולה ושחרור".
פְּתִית	נפסל	"פת" היא חתיכת לחם קטנה, ו"פתית" היא בדיוק צורת ההקטנה שלה — רסיס זעיר. מי שיודע פת מנחש פתית בלי מאמץ.
תֵּל	נפסל	"תלולית" היא ערימת עפר קטנה, ו"תל" הוא אותה ערמה בגדול — הפירוש עצמו מסתיים ב"ערמה". זוג של מילה וצורת ההקטנה שלה.
תַּסְכִּית	חריג	"הסכית" הוא להאזין בריכוז — פעולת שמיעה; "תסכית" הוא ז'אנר, מחזה שנכתב במיוחד לרדיו. הידיעה שהסכית=האזין לא נותנת סוגה אמנותית.
בֶּן-דְּמוּתוֹ	נפסל	כפילות ממש של הערך הקיים "בן דמותו" — אותה מילה, מקף במקום רווח.
קֶרֶת	חריג	"קרתן" הוא תואר אופי שלילי (צר אופקים) ואינו מלמד שקֶרֶת היא שם עצם קונקרטי לעיר; מי שיודע "פרובינציאלי" לא יגזור מזה "יישוב"
צִינָּה	חריג	מ"צונן" אפשר להגיע ל"קור", אבל לא ל"מגן גדול" — זו משמעות לקסיקלית נפרדת לחלוטין (מגן וצינה) שדורשת לימוד עצמאי
אִילוּחַ	חריג	"נאלח" הוא תואר מוסרי (מתועב, מושחת); אִילוּחַ הוא תהליך רפואי־ביולוגי של זיהום בחיידקים. אין מעבר מהשחתה מוסרית לזיהום מיקרוביאלי
הָגִיג	נפסל	שם הפעולה של "הגה" — מי שיודע "הגה רעיון" מנחש מיד שהָגִיג הוא המחשבה עצמה
הֶרֶף	חריג	"נרפה" הוא תכונת אופי קבועה (עצל, חסר מרץ); הֶרֶף הוא הפסקה רגעית בזמן, בעיקר בצירוף "ללא הרף". מ"עצל" אי אפשר להגיע ל"הפסק"
מְבוּזָּר	נפסל	צורת הבינוני הסבילה של "בזר" באותה יחידה ובאותו מובן בדיוק — מי שיודע "העביר סמכויות לגורמים רבים" יודע מהי מערכת מבוזרת. בזר נשאר, מְבוּזָּר יוצא
מַק	נפסל	"נמק" הוא הפועל, מַק הוא שם העצם של אותו תהליך ריקבון עצמו — אותה משמעות בשתי צורות
נוֹאָל	נפסל	מקבילה כמעט זהה ל"אויל" — טיפש/חסר דעת מול טיפשי/חסר שכל. אותה משמעות, אותו שורש, אין מה ללמוד מחדש
נְחִירָה	חריג	"ניחר" עוסק ביובש וצרידות של הגרון; נְחִירָה היא פעולת המתת בהמה בדקירת הגרון. שתי משמעויות שאין ביניהן מעבר מלבד איזכור הגרון
תְּנוּבָה	נפסל	שם העצם הישיר של "הניב" — מי שיודע "הניב פירות" מנחש שתְּנוּבָה היא היבול
הֲוָיָה	חריג	"להוותו" נושא את מובן האסון והפורענות; הֲוָיָה היא קיום ומציאות. שני מובנים הפוכים שהתפצלו לחלוטין — משמעות שלילית של רעה מול משמעות נייטרלית של עצם ההימצאות
זֵד	נפסל	שם הפועל של "זדון" — מי שיודע "בזדון" מזהה מיד שזֵד הוא מי שפועל כך
כְּפִיפוּת	נפסל	שם הפעולה המופשט של "כפף": ההרכנה הפיזית עוברת למרות ותלות דרך מטפורה שקופה ומקובלת ("כפוף לו"), ולא דורשת לימוד נפרד
נְסִיקָה	חריג	"הסיק" עוסק בהיסק לוגי מתוך נתונים; נְסִיקָה היא עלייה פיזית תלולה לגובה. אין שום קשר בין הפקת מסקנה לזינוק במרחב
תִּינָּה	חריג	"אתנן" הוא שכר תמורת מעשה נבזי; תִּינָּה הוא פועל של קינה וביטוי צער. תשלום מול אבל — משמעויות זרות זו לזו, ולכן שתיהן דורשות לימוד ואין כאן זוג מתחלף
הִתְגַּפֵּף	חריג	"גפים" הם איברי הגוף עצמם; הִתְגַּפֵּף הוא פועל של חיבה הדדית. מי שיודע ששם עצם זה ידיים ורגליים לא יגזור מזה פועל של חיבוק
זִכָּיוֹן	חריג	"זיכה" הוא פעולה של הענקה או קרדיט; זִכָּיוֹן הוא מוסד משפטי־מסחרי — רישיון בלעדי להפעלה. המשמעות הממוסדת אינה נגזרת מפעולת הזיכוי
מִשְׁנֶה	נפסל	"שנה" במובן חזרה על מעשה מוביל ישירות ל"כפול/מוגבר" (משנה זהירות) — הגשר מ"פעם נוספת" ל"רב במיוחד" שקוף, ושתיהן תוספות חדשות. שנה נשאר, מִשְׁנֶה יוצא
אֲסוּפָה	נפסל	שתי המילים הן שם פעולה של "אסף" ונבדלות רק במה שנאסף — יבול מול כתבים. מי שיודע "אסיף" יגזור בקלות שאֲסוּפָה היא מקבץ
בְּחִישָׁה	נפסל	שם הפעולה של "בחש" באותו מובן בדיוק — ערבוב בכלי. זהות מלאה בין הפירושים
לְמֵישָׁרִין	נפסל	כמעט אותה מילה כמו "במישרין", בשינוי אות יחס בלבד. נבחן שיודע את הקיימת יראה בה אותה מילה ולא יבחין בהבדל הדק במשמעות
שִׁפּוּל	נפסל	יחיד של "שיפולים" הקיים במאגר — אותה מילה בדיוק בצורת יחיד, בלי שום פער משמעות
שָׁת	נפסל	אותו פועל ב"השית" בבניין אחר, בדיוק כמו ערטל/התערטל: מהנחה וקביעה להטלה. מי שיודע "השית קנס" מזהה את שָׁת מיד
