sin	It was a grave sin to steal from the charity meant for the poor.
slow down	The driver had to slow down as the fog grew thicker.
soul	The musician poured his soul into every note of the performance.
source	The source of the river lay high in the mountains.
southern	The southern regions of the country experience much warmer weather throughout the year.
space	Astronauts in space need special suits to survive outside their spacecraft.
speech	The president delivered a powerful speech to calm the frightened nation.
spell	The witch cast a dangerous spell that froze the entire village.
spirit	The spirit of the law is more important than its literal text.
square	A square has four equal sides and four right angles.
stage	The first stage of the project involved gathering all necessary data.
standard	The school's high standard for student behavior was enforced strictly and fairly.
state	The old house was in a terrible state after years of neglect.
stomach	Her stomach hurt badly after eating too much pizza.
strength	The strength of the old oak tree amazed everyone during the storm.
structure	The structure of the building was damaged by the recent earthquake.
stuck	The car got stuck in the mud after the heavy rain.
suffer	Many people suffer from allergies during the spring pollen season.
supply	The supply of fresh water was limited in the drought.
surely	Surely no person in their right mind would leave home unlocked overnight.
surgery	The surgery was successful and took three hours to complete.
surrender	Unable to resist any longer, she finally decided to surrender to her craving for chocolate.
survive	Most plants cannot survive without water for more than two weeks.
switch	He flipped the switch to turn on the bright kitchen lights.
tale	The old tale about dragons and treasure fascinated children everywhere.
target	The company's target was to increase sales by fifty percent.
task	His task was to organize all the documents in alphabetical order.
tent	We pitched our tent near the river for the camping trip.
theme	The theme of the book concerns the power of forgiveness.
thief	The thief stole the diamond necklace from the museum display.
threat	The threat of heavy storms caused the event to be cancelled.
throw	He decided to throw the old magazines away instead of keeping them.
tie	She tied the rope around the wooden post to secure it.
title	The title of the movie intrigued viewers despite being confusing.
tongue	His tongue was burned by the hot tea he drank too quickly.
totally	I totally disagree with your decision to leave the company.
track	The old train track ran through the forest for many miles.
tradition	The tradition of eating turkey on Thanksgiving dates back centuries.
traffic	Heavy traffic delayed our arrival at the airport by two hours.
train	The train departed from the station fifteen minutes ahead of schedule.
transfer	The hospital decided to transfer the patient to a larger facility.
transport	The company uses trucks to transport goods across the entire country.
trap	The mouse fell into the trap set by the farmer.
treatment	The new treatment for the disease showed promising results in patients.
truck	A large truck delivered new equipment to the warehouse this morning.
truly	She truly believed that hard work would eventually lead to success.
tube	The nurse gently inserted a thin tube into the patient's arm.
unbelievable	The unbelievable story about finding treasure spread quickly through town.
unfair	The teacher's unfair grading system upset all the hardworking students.
unfortunately	Unfortunately, the concert was cancelled due to the lead singer's illness.
unusual	Her unusual choice to become a circus performer surprised all her family members.
useful	A sharp pocketknife is a very useful tool for camping trips.
useless	The old computer was completely useless and finally thrown away.
usual	His usual routine was to wake up, exercise, and then eat breakfast.
value	The value of the antique increased significantly over many years.
violence	The violence in the movie was shocking to many viewers.
violent	The violent storm destroyed many homes in the coastal town.
visitor	The visitor from Germany was amazed by the beautiful old architecture.
visual	The visual effects in the film were incredible and memorable.
warn	I must warn you about the dangerous curve in the road.
wear	She wore her favorite blue jeans to the concert last night.
weather	The weather was perfect for a picnic in the park.
wedding	Their wedding was celebrated by hundreds of friends and family.
wild	The wild animals roamed freely across the vast open grassland.
wing	The bird's wing was injured but it could still fly.
activist	The environmental activist urged the city to ban plastic bags.
actually	He actually finished the entire project in just one day.
additionally	The team finished the report on time; additionally, they included extra research.
advantage	One major advantage of the new system is its incredible speed.
advertisement	The advertisement featured a famous celebrity promoting the new product.
advice	Her advice to study hard and sleep well was helpful.
aesthetic	The aesthetic appeal of the ancient temple amazed all the visitors.
air conditioner	The air conditioner kept the room cool during the hot summer.
airline	The airline announced new routes to expand its European network.
all in all	All in all, the trip was successful despite some problems.
amateur	The amateur photographer still captured some amazing shots.
amaze	The magician's trick will amaze the entire audience.
among	She felt comfortable among the other experienced musicians.
amount	The total amount of rainfall this month was unusually high.
analog	Analog watches use traditional mechanical gears unlike modern digital devices.
